"","X","author_short","gallica_link","title","year","author_bnf","publisher","format","source","bnf_cat","pages"
"1",3,"Condorcet","https://gallica.bnf.fr/ark:/12148/bpt6k15093696","Éloges des académiciens de l'Académie royale des sciences morts depuis 1666 jusqu'en 1699 , par le marquis de Condorcet,...","1773","Condorcet, Jean-Antoine-Nicolas de Caritat marquis de (1743-1794). Auteur du texte","hôtel de Thou (Paris)","168 p. ; in-12","both","https://catalogue.bnf.fr/ark:/12148/cb30263686w",168
"2",4,"Condorcet","https://gallica.bnf.fr/ark:/12148/bpt6k1509358d","Lettres sur le commerce des grains , par M***","1774","Condorcet, Jean-Antoine-Nicolas de Caritat marquis de (1743-1794). Auteur du texte","Couturier (Paris)","In-8, 29 p.","both","https://catalogue.bnf.fr/ark:/12148/cb302637191",29
"3",5,"Condorcet","https://gallica.bnf.fr/ark:/12148/bpt6k73915n","Lettre d'un laboureur de Picardie, à M. N***, auteur prohibitif, à Paris / [par Condorcet]","1775","Condorcet, Jean-Antoine-Nicolas de Caritat marquis de (1743-1794). Auteur du texte","[s.n.]","51 p. ; in-8","both","https://catalogue.bnf.fr/ark:/12148/cb30263706p",51
"4",7,"Desmoulins","https://gallica.bnf.fr/ark:/12148/bpt6k6220649j","Fragment de l'histoire secrete de la révolution,","1793","Desmoulins, Camille (1760-1794). Auteur du texte","[Paris.] De l'Imprimerie patriotique et républicaine, rue Saint-Honoré, n°. 355, vis-à-vis l'Assomption [1793].","[2]-80 p. ; in-8","both","https://catalogue.bnf.fr/ark:/12148/cb303333153",80
"5",8,"Desmoulins","https://gallica.bnf.fr/ark:/12148/bpt6k62593605","Discours de Camille Desmoulins, sur le parti que l'Assemblée nationale doit prendre relativement à la proposition de guerre, annoncée par le pouvoir exécutif ; prononcé à la Société, le 25 décembre 1791.","1791","Desmoulins, Camille (1760-1794). Auteur du texte","([Paris.] De l'Imprimerie du Patriote françois, place du Théâtre Italien [1791].)","23 p. ; in-8","both","https://catalogue.bnf.fr/ark:/12148/cb303333095",23
"6",9,"Desmoulins","https://gallica.bnf.fr/ark:/12148/bpt6k6260273x","Discours de Camille Desmoulins, notable, au Conseil général de la Commune, dans la séance du 24 juillet, l'an 4 de la liberté ; sur la situation de la capitale . Imprimé par ordre de la Société.","1792","Desmoulins, Camille (1760-1794). Auteur du texte","([Paris.] De l'Imprimerie du Patriote françois, place du Théâtre Italien [1792].)","34 p. ; in-8","both","https://catalogue.bnf.fr/ark:/12148/cb30333299p",34
"7",13,"Ducrest","https://gallica.bnf.fr/ark:/12148/bpt6k930504m","Nouveau système de navigation, ayant pour objet la liberté des mers pour toutes les nations, et la restauration immédiate de notre commerce maritime ... par M. Ducrest","1811","Ducrest, Charles-Louis (1747-1824). Auteur du texte","J. G. Dentu (Paris)","XVII-[1 bl.]-83 p. ; in-8","both","https://catalogue.bnf.fr/ark:/12148/cb303665499",83
"8",14,"Ducrest","https://gallica.bnf.fr/ark:/12148/bpt6k6220363s","Vues nouvelles sur les courans d'eau, la navigation intérieure et la marine ; par C.-L. Ducrest","1803","Ducrest, Charles-Louis (1747-1824). Auteur du texte","Courcier (Paris) | Magimel (Paris) | F. Didot [etc.] (Paris)","XIV-211 p.-[1] p. de pl. : ill. ; in-8","both","https://catalogue.bnf.fr/ark:/12148/cb30366554w",211
"9",15,"Ducrest","https://gallica.bnf.fr/ark:/12148/bpt6k5865043w","Traité de la monarchie absolue et des véritables moyens pour opérer la libération de la France, garantir l'intégrité de son territoire et assurer le bonheur du peuple, par M. le Mis Ducrest,...","1816","Ducrest, Charles-Louis (1747-1824). Auteur du texte","au Bureau polymathique (Paris)","In-8° , 315 p.","both","https://catalogue.bnf.fr/ark:/12148/cb30366551v",315
"10",16,"Olympe de Gouges","https://gallica.bnf.fr/ark:/12148/bpt6k6505255m","Le Mariage inattendu de Chérubin, comédie en 3 actes et en prose / par Mme de Gouge","1788","Gouges, Olympe de (1748-1793). Auteur du texte","Cailleau (Séville)","111 p. ; in-8°","both","https://catalogue.bnf.fr/ark:/12148/cb30526951g",111
"11",17,"Olympe de Gouges","https://gallica.bnf.fr/ark:/12148/bpt6k9602961p","L'entrée de Dumourier à Bruxelles, ou Les vivandiers , pièce en cinq actes et en prose, par Olympe de Gouges, représentée sur le Théâtre de la République, rue de Richelieu, le janvier 1793, l'an deuxième de la République","1793","Gouges, Olympe de (1748-1793). Auteur du texte","Regnaud (Paris)","148 p. ; in-8","both","https://catalogue.bnf.fr/ark:/12148/cb30526939m",148
"12",18,"Olympe de Gouges","https://gallica.bnf.fr/ark:/12148/bpt6k6546469r","Oeuvres de madame de Gouges.... Tome premier","1788","Gouges, Olympe de (1748-1793). Auteur du texte","chez l'auteur (Paris) | chez Cailleau (Paris)","160-140-111 p. ; in-8°","both","https://catalogue.bnf.fr/ark:/12148/cb305269206",111
"13",20,"Laclos","https://gallica.bnf.fr/ark:/12148/bpt6k63109521","Lettre à MM. de l'Académie françoise, sur l'éloge de M. le maréchal de Vauban, proposé pour sujet du prix d'éloquence de l'année 1787 (par P.-A.-F. Choderlos de Laclos)","1786","Choderlos de Laclos, Pierre-Ambroise-François (1741-1803). Auteur du texte","Durand neveu (Amsterdam ; et Paris)","In-8° , 48 p.","both","https://catalogue.bnf.fr/ark:/12148/cb302389629",48
"14",21,"Laclos","https://gallica.bnf.fr/ark:/12148/bpt6k9774339k","Instructions envoyées par S. A. S. monseigneur le duc d'Orléans.","1789","Choderlos de Laclos, Pierre-Ambroise-François (1741-1803). Auteur du texte | Sieyès, Emmanuel-Joseph (1748-1836). Auteur du texte","[S.l., 1789]","66 p. ; in-8","both","https://catalogue.bnf.fr/ark:/12148/cb337645744",66
"15",24,"Manuel","https://gallica.bnf.fr/ark:/12148/bpt6k9600310p","Suplément a la nouvelle édition du Petit almanach des grands hommes ou Lettre a messieurs de Rivarol et de Champcenets , par un des grands hommes du Petit almanach","1788","Manuel, Louis-Pierre (1751-1793). Auteur du texte","[S.l.] M.DCC.LXXXVIII","31 p. ; in-12","both","https://catalogue.bnf.fr/ark:/12148/cb35945355r",31
"16",25,"Marat","https://gallica.bnf.fr/ark:/12148/bpt6k1049746g   https://gallica.bnf.fr/ark:/12148/bpt6k64713614","Appel à la Nation ; Par J. P. Marat, l'Ami du Peuple, Citoyen du district des Cordeliers, et auteur de plusieurs ouvrages patriotiques.","1790","Marat, Jean-Paul (1743-1793). Auteur du texte","[s.n.]","67 p. ; in-8","both","https://catalogue.bnf.fr/ark:/12148/cb308755521",67
"17",26,"Marat","https://gallica.bnf.fr/ark:/12148/bpt6k83089x   https://gallica.bnf.fr/ark:/12148/bpt6k830904   https://gallica.bnf.fr/ark:/12148/bpt6k83091g","De l'homme, ou Des principes et des loix de l'influence de l'âme sur le corps et du corps sur l'âme , par J.-P. Marat, Docteur en Médecine.","1775-1776","Marat, Jean-Paul (1743-1793). Auteur du texte","A Amsterdam, Chez Marc-Michel Rey. MDCCLXV. [-MDCCLXVI.]","3 vol. (XXXVII-325, [10]-380, [8]-220 p.) ; in-12","both","https://catalogue.bnf.fr/ark:/12148/cb30875620p",220
"18",27,"Marat","https://gallica.bnf.fr/ark:/12148/bpt6k9604494z","Plan de législation criminelle . Ouvrage dans lequel on traite des délits et des peines... par M. Marat,...","1790","Marat, Jean-Paul (1743-1793). Auteur du texte","impr. de Rochette (Paris)","157 p., portrait ; in-8","both","https://catalogue.bnf.fr/ark:/12148/cb30875590k",157
"19",29,"Marat","https://gallica.bnf.fr/ark:/12148/bpt6k1049744n","Nouvelle dénonciation de M. Marat, l'Ami du peuple, contre M. Necker, premier ministre des Finances, ou Supplément à la dénonciation d'un citoyen, contre un agent de l'autorité.","1790","Marat, Jean-Paul (1743-1793). Auteur du texte","A Paris, chez Rozé, rue des Prêtres S. Severin, n°. 8. 1790","40 p. ; in-4","both","https://catalogue.bnf.fr/ark:/12148/cb422461866",40
"20",30,"Marat","https://gallica.bnf.fr/ark:/12148/bpt6k6213679b","Notions élémentaires d'optique","1784","Marat, Jean-Paul (1743-1793). Auteur du texte","P.-F. Didot le jeune (Paris) | N. L. Moutard (Paris)","VII-[1]-44 p. ; in-8","both","https://catalogue.bnf.fr/ark:/12148/cb308756273",44
"21",31,"Marat","https://gallica.bnf.fr/ark:/12148/bpt6k1516399p","Découvertes [de M. Marat] sur la lumière, constatées par une suite d'expériences nouvelles...","1780","Marat, Jean-Paul (1743-1793). Auteur du texte","Jombert fils aîné (Londres ; Paris)","In-8° , 141 p.","both","https://catalogue.bnf.fr/ark:/12148/cb30875616f",141
"22",32,"Marat","https://gallica.bnf.fr/ark:/12148/bpt6k1049742t","Dénonciation faite au tribunal du public, par M. Marat, l'Ami du Peuple, contre M. Necker, premier ministre des Finances.","1789","Marat, Jean-Paul (1743-1793). Auteur du texte","[Paris, Jean-Paul Marat, 1789]","[2]-69 p. ; in-8","both","https://catalogue.bnf.fr/ark:/12148/cb308755672",69
"23",33,"Marat","https://gallica.bnf.fr/ark:/12148/bpt6k1049738x","Offrande a la patrie, ou Discours au Tiers-État de France.","1789","Marat, Jean-Paul (1743-1793). Auteur du texte","[Paris.] Au Temple de la liberté. 1789.","[2]-62 p. ; in-8","both","https://catalogue.bnf.fr/ark:/12148/cb30875586b",62
"24",34,"Marat","https://gallica.bnf.fr/ark:/12148/bpt6k15123395   https://gallica.bnf.fr/ark:/12148/bpt6k824424","Mémoires académiques, ou Nouvelles découvertes sur la lumière , relatives aux points les plus importants de l'optique...","1788","Marat, Jean-Paul (1743-1793). Auteur du texte","N.-T. Méquignon (Paris)","XVI-324 p.-2 pl. : ill. ; in-8","both","https://catalogue.bnf.fr/ark:/12148/cb30875626r",324
"25",35,"Marat","https://gallica.bnf.fr/ark:/12148/bpt6k10497400","Projet de déclaration des droits de l'homme et du citoyen, suivi d'un Plan de constitution juste, sage et libre . Par l'auteur de ","1789","Marat, Jean-Paul (1743-1793). Auteur du texte","Buisson (Paris)","67 p. ; in-8","both","https://catalogue.bnf.fr/ark:/12148/cb308755928",67
"26",36,"Marat","https://gallica.bnf.fr/ark:/12148/bpt6k5741204f","Mémoire sur l'électricité médicale , couronné le 6 août 1783, par l'Académie royale des sciences, belles-lettres & arts de Rouen...","1784","Marat, Jean-Paul (1743-1793). Auteur du texte","L. Jorry (Paris) | N.-T. Méquignon (Paris)","111 p. ; in-8","both","https://catalogue.bnf.fr/ark:/12148/cb30875625d",111
"27",38,"Marat","https://gallica.bnf.fr/ark:/12148/bpt6k1049726q","Discours de Marat, sur la défense de Louis XVI, la conduite à tenir par la Convention, et la marche alarmante que la faction royaliste s'efforce de lui faire suivre dans le jugement du tyran détrôné ; imprimé par ordre de la Convention nationale.","1792","Marat, Jean-Paul (1743-1793). Auteur du texte","([Paris.] De l'Imprimerie nationale [1792].)","22 p. ; in-8","both","https://catalogue.bnf.fr/ark:/12148/cb30875572n",22
"28",39,"Marat","https://gallica.bnf.fr/ark:/12148/bpt6k10497363","Les chaînes de l'esclavage, ouvrage destiné à développer les noirs attentats des princes contre les peuples ; les ressords [","1792-1793","Marat, Jean-Paul (1743-1793). Auteur du texte","impr. de Marat (Paris)","364 p. ; in-8","both","https://catalogue.bnf.fr/ark:/12148/cb308755552",364
"29",40,"Marat","https://gallica.bnf.fr/ark:/12148/bpt6k86276v","Découvertes de M. Marat,... sur le feu, l'électricité et la lumière , constatées par une suite d'expériences nouvelles...","1779","Marat, Jean-Paul (1743-1793). Auteur du texte","impr. de Clousier (Paris)","IV-38 p. ; in-8","both","https://catalogue.bnf.fr/ark:/12148/cb30875617s",38
"30",43,"Pétion","https://gallica.bnf.fr/ark:/12148/bpt6k5477034v","Discours de Jérôme Pétion, sur l'accusation intentée contre Maximilien Robespierre.","1792","Pétion, Jérôme (1756-1794). Auteur du texte","([Paris.] De l'Imp. de C.-F. Patris, imprimeur de la Commune, rue du Fauxbourg Saint-Jacques, aux Dames Sainte-Marie [1792].)","28 p. ; in-8","both","https://catalogue.bnf.fr/ark:/12148/cb31091614z",28
"31",45,"Pétion","https://gallica.bnf.fr/ark:/12148/bpt6k75432b","Essai sur le mariage considéré sous des rapports naturels, moraux et politiques, ou Moyens de faciliter et d'encourager les mariages en France","1785","Pétion, Jérôme (1756-1794). Auteur du texte","[s.n.] (Genève)","XIV-161 p. ; in-8","both","https://catalogue.bnf.fr/ark:/12148/cb31091622k",161
"32",47,"Pétion","https://gallica.bnf.fr/ark:/12148/bpt6k132313v","Discours sur la traite des Noirs , par M. Pétion de Villeneuve, membre de l'Assemblée nationale.","1790","Pétion, Jérôme (1756-1794). Auteur du texte | Carra, Jean-Louis (1742-1793). Auteur du texte","A Paris, chez Desenne, libraire, au Palais-Royal. Bailly, à la barrière des Sergens. Regnault, rue Saint-Jacques, vis-à-vis la rue du Plâtre. Brunet, place du Théâtre Italien. Avril, 1790.","[4]-80 p. ; in-8","both","https://catalogue.bnf.fr/ark:/12148/cb31091618b",80
"33",49,"Pétion","https://gallica.bnf.fr/ark:/12148/bpt6k97900519","Discours sur les troubles de Saint-Domingue . Par J. Pétion, député à l'Assemblée nationale.","1790","Pétion, Jérôme (1756-1794). Auteur du texte","A Paris, chez Desennes [sic], libraire, au Palais-Royal ; Bailly, libraire, à la barrière des Sergens ; les Marchands de nouveautés. 14 octobre 1790","[4]-44 p. ; in-8","both","https://catalogue.bnf.fr/ark:/12148/cb310916217",44
"34",55,"Laclos","https://gallica.bnf.fr/ark:/12148/bpt6k9774339k","Instructions envoyées par S. A. S. monseigneur le duc d'Orléans.","1789","Choderlos de Laclos, Pierre-Ambroise-François (1741-1803). Auteur du texte | Sieyès, Emmanuel-Joseph (1748-1836). Auteur du texte","[S.l., 1789]","66 p. ; in-8","both","https://catalogue.bnf.fr/ark:/12148/cb337645744",66
"35",56,"Brissot","https://gallica.bnf.fr/ark:/12148/bpt6k6293162j","L'ombre de J.-P. Brissot, aux législateurs français, sur la liberté de la presse ou Extrait fidelle d'un imprimé ayant pour titre (1) : Mémoire aux États Généraux sur la nécessité de rendre dès ce moment la presse libre, et surtout pour les journaux politiques (2) , par J.-P. Brissot de Warville...","1798-1799","Brissot de Warville, Jacques-Pierre (1754-1793). Auteur du texte","R. Vatar (Paris)","[1]-22 p. ; in-8","bnf","https://catalogue.bnf.fr/ark:/12148/cb30163031s",22
"36",58,"Brissot","https://gallica.bnf.fr/ark:/12148/bpt6k82417x   https://gallica.bnf.fr/ark:/12148/bpt6k824188   https://gallica.bnf.fr/ark:/12148/bpt6k67855c","Nouveau voyage dans les États-Unis de l'Amérique septentrionale, fait en 1788 / par J.-P. Brissot [de Warville],...","1791","Brissot de Warville, Jacques-Pierre (1754-1793). Auteur du texte","Buisson (Paris)","3 vol. ([4]-LII-395 p. ; [2]-460 p. ; [2] p., p. V-XX, 308 p.) : tabl. ; in-8","bnf","https://catalogue.bnf.fr/ark:/12148/cb388904046",395
"37",59,"Brissot","https://gallica.bnf.fr/ark:/12148/bpt6k6318391j","Motifs des commissaires pour adopter le plan de municipalité qu'ils ont présenté à l'assemblée générale des représentants de la Commune, lus à l'assemblée générale, par J.-P. Brissot de Warville.... suivis du projet du plan de la municipalité","1789","Brissot de Warville, Jacques-Pierre (1754-1793). Auteur du texte | Brissot de Warville, Jacques-Pierre (1754-1793). Auteur du texte","Lottin de Saint-Germain (Paris)","In-4° , 52 p.","bnf","https://catalogue.bnf.fr/ark:/12148/cb30163036h",52
"38",63,"Brissot","https://gallica.bnf.fr/ark:/12148/bpt6k15090873","Point de banqueroute, ou Lettre à un créancier de l'État sur l'impossibilité de la banqueroute nationale et sur les moyens de ramener le crédit et la paix. (Par J.-P. Brissot de Warville.)","1787","Brissot de Warville, Jacques-Pierre (1754-1793). Auteur du texte","","In-8° , 58 p.","bnf","https://catalogue.bnf.fr/ark:/12148/cb30163048h",58
"39",69,"Brissot","https://gallica.bnf.fr/ark:/12148/bpt6k6218338x","Discours sur la rareté du numéraire et sur les moyens d'y remédier , prononcé à l'assemblée générale des représentants de la Commune de Paris, le 10 février 1790. Par J.-P. Brissot de Warville,...","1790","Brissot de Warville, Jacques-Pierre (1754-1793). Auteur du texte","au bureau du ","VI-64 p. ; in-8","bnf","https://catalogue.bnf.fr/ark:/12148/cb30163015j",64
"40",70,"Brissot","https://gallica.bnf.fr/ark:/12148/bpt6k62602802","Motion sur la nécessité de circonscrire la vente des biens ecclésiastiques aux municipalités dans leur territoire, etc. , présentée à l'assemblée générale des représentants de la Commune de Paris, le 22 mai 1790, par P.-J. Brissot de Warville,...","1790","Brissot de Warville, Jacques-Pierre (1754-1793). Auteur du texte","impr. du ","26 p. ; in-8","bnf","https://catalogue.bnf.fr/ark:/12148/cb30163037v",26
"41",71,"Brissot","https://gallica.bnf.fr/ark:/12148/bpt6k6257833c","Discours prononcé à la section de la Bibliothèque, dans son assemblée générale du 24 octobre 1790, sur la question du renvoi des ministres ; par J.-P. Brissot,...","1790","Brissot de Warville, Jacques-Pierre (1754-1793). Auteur du texte","impr. du ","30 p. ; in-8","bnf","https://catalogue.bnf.fr/ark:/12148/cb301630057",30
"42",73,"Brissot","https://gallica.bnf.fr/ark:/12148/bpt6k6217252j","Réflexions sur l'état de la Société des électeurs patriotes, sur ses travaux, sur les formes propres à faire de bonnes élections ... lues à l'assemblée de cette Société, dans la séance du 21 décembre 1790, par J.-P. Brissot,...","1790","Brissot de Warville, Jacques-Pierre (1754-1793). Auteur du texte","[s.n.] (Paris)","44 p. ; in-8","bnf","https://catalogue.bnf.fr/ark:/12148/cb30163058t",44
"43",74,"Brissot","https://gallica.bnf.fr/ark:/12148/bpt6k72825f","Lettres philosophiques sur St Paul, sur sa doctrine politique, morale et religieuse et sur plusieurs points de la religion chrétienne, considérés politiquement / trad. [","1783","Brissot de Warville, Jacques-Pierre (1754-1793). Auteur du texte","[s.n.] (Neuchâtel)","156 p. ; in-8","bnf","https://catalogue.bnf.fr/ark:/12148/cb316062565",156
"44",75,"Brissot","https://gallica.bnf.fr/ark:/12148/bpt6k1051304j","Recherches philosophiques sur le droit de propriété considéré dans la nature , pour servir de premier chapitre à la ","1780","Brissot de Warville, Jacques-Pierre (1754-1793). Auteur du texte","M. DCC. LXXX.","XII-116 p. (sig. a6, A-D12, E10) ; in-12","bnf","https://catalogue.bnf.fr/ark:/12148/cb351915043",116
"45",80,"Condorcet","https://gallica.bnf.fr/ark:/12148/btv1b86262724","Traité du calcul intégral","1786","Condorcet, Jean-Antoine-Nicolas de Caritat marquis de (1743-1794). Auteur du texte","Impr. royale ()","129 p. ; in-4","bnf","https://catalogue.bnf.fr/ark:/12148/cb302637656",129
"46",81,"Condorcet","https://gallica.bnf.fr/ark:/12148/bpt6k1509379k","Éloge de M. d'Alembert, lu dans l'assemblée publique de l'Académie des sciences, le 21 avril 1784 (par Condorcet)","1784","Condorcet, Jean-Antoine-Nicolas de Caritat marquis de (1743-1794). Auteur du texte","Moutard (Paris)","In-12, 104 p.","bnf","https://catalogue.bnf.fr/ark:/12148/cb30263671v",104
"47",82,"Condorcet","https://gallica.bnf.fr/ark:/12148/bpt6k1509377r","Éloge de M. le duc de Praslin, pair de France... lu dans la séance publique de l'Académie royale des sciences, 26 avril 1786, par M. le marquis de Condorcet,...","1786","Condorcet, Jean-Antoine-Nicolas de Caritat marquis de (1743-1794). Auteur du texte","impr. de Stoupe (Paris)","In-4° , 46 p.","bnf","https://catalogue.bnf.fr/ark:/12148/cb30263685j",46
"48",83,"Condorcet","https://gallica.bnf.fr/ark:/12148/bpt6k56234981","Eloge de Michel de l'Hôpital, chancelier de France, discours présenté à l'Académie françoise, en 1777.","1777","Condorcet, Jean-Antoine-Nicolas de Caritat marquis de (1743-1794). Auteur du texte","Demonville (Paris)","IV-124 p. ; in-8","bnf","https://catalogue.bnf.fr/ark:/12148/cb302636815",124
"49",84,"Condorcet","https://gallica.bnf.fr/ark:/12148/bpt6k15093807","Éloge de M. le marquis de Courtanvaux, prononcé dans la séance... de l'Académie royale des sciences, le 10 avril 1782, par M. le marquis de Condorcet,...","1782","Condorcet, Jean-Antoine-Nicolas de Caritat marquis de (1743-1794). Auteur du texte","impr. de Moutard (Paris)","In-8° , 21 p.","bnf","https://catalogue.bnf.fr/ark:/12148/cb30263676k",21
"50",86,"Condorcet","https://gallica.bnf.fr/ark:/12148/bpt6k1509451v","Réflexions sur ce qui a été fait et sur ce qui reste à faire, lues dans une société d'amis de la paix (par Condorcet)","1789","Condorcet, Jean-Antoine-Nicolas de Caritat marquis de (1743-1794). Auteur du texte","Baudouin (Paris)","In-8° , 33 p.","bnf","https://catalogue.bnf.fr/ark:/12148/cb30263743w",33
"51",87,"Condorcet","https://gallica.bnf.fr/ark:/12148/bpt6k15093785","Examen de cette question : Est-il utile de diviser une assemblée nationale en plusieurs chambres ? Par M. le marquis de Condorcet","1785-1795","Condorcet, Jean-Antoine-Nicolas de Caritat marquis de (1743-1794). Auteur du texte","","In-8° , 40 p.","bnf","https://catalogue.bnf.fr/ark:/12148/cb30263701z",40
"52",88,"Condorcet","https://gallica.bnf.fr/ark:/12148/bpt6k1509449s","Seconde lettre de M. de Condorcet, à M. le comte Mathieu de Montmorency, député du bailliage de Montfort-l'Amaury.","1789","Condorcet, Jean-Antoine-Nicolas de Caritat marquis de (1743-1794). Auteur du texte","[S.l., 1789]","22 p. ; in-8","bnf","https://catalogue.bnf.fr/ark:/12148/cb30263713z",22
"53",89,"Condorcet","https://gallica.bnf.fr/ark:/12148/bpt6k15093718","Sur le choix des ministres, par M. de Condorcet","1780-1790","Condorcet, Jean-Antoine-Nicolas de Caritat marquis de (1743-1794). Auteur du texte","Impr. nationale ((Paris,))","In-8° , 23 p.","bnf","https://catalogue.bnf.fr/ark:/12148/cb30263763h",23
"54",90,"Condorcet","https://gallica.bnf.fr/ark:/12148/bpt6k1509442w","Sentimens d'un républicain sur les assemblées provinciales et les États généraux, suite des ","1788","Condorcet, Jean-Antoine-Nicolas de Caritat marquis de (1743-1794). Auteur du texte","","In-8° , 30 p.","bnf","https://catalogue.bnf.fr/ark:/12148/cb30263717b",30
"55",91,"Condorcet","https://gallica.bnf.fr/ark:/12148/bpt6k15094402","Réflexions d'un citoyen, sur la révolution de 1788.","1788","Condorcet, Jean-Antoine-Nicolas de Caritat marquis de (1743-1794). Auteur du texte","A Londres. 1788.","56 p. ; in-8","bnf","https://catalogue.bnf.fr/ark:/12148/cb35989000f",56
"56",92,"Condorcet","https://gallica.bnf.fr/ark:/12148/bpt6k15094380","Sur la fixation de l'impôt, par M. de Condorcet","1789","Condorcet, Jean-Antoine-Nicolas de Caritat marquis de (1743-1794). Auteur du texte","Baudouin (Paris)","In-8° , 30 p.","bnf","https://catalogue.bnf.fr/ark:/12148/cb30263758x",30
"57",94,"Condorcet","https://gallica.bnf.fr/ark:/12148/bpt6k1509446j","Lettres d'un gentilhomme a messieurs du Tiers-État.","1789","Condorcet, Jean-Antoine-Nicolas de Caritat marquis de (1743-1794). Auteur du texte","[Paris, Louis Buisson, 1789]","22-32-34 p. ; in-8","bnf","https://catalogue.bnf.fr/ark:/12148/cb30263718p",34
"58",95,"Condorcet","https://gallica.bnf.fr/ark:/12148/bpt6k1057808s","Essai sur l'application de l'analyse à la probabilité des décisions rendues à la pluralité des voix . Par M. le marquis de Condorcet,...","1785","Condorcet, Jean-Antoine-Nicolas de Caritat marquis de (1743-1794). Auteur du texte","Impr. royale (Paris)","CXCI-[1 bl.]-304 p. ; in-4","bnf","https://catalogue.bnf.fr/ark:/12148/cb30263697j",304
"59",96,"Condorcet","https://gallica.bnf.fr/ark:/12148/bpt6k1509447z","Sur la forme des élections . Par M. le marquis de Condorcet.","1789","Condorcet, Jean-Antoine-Nicolas de Caritat marquis de (1743-1794). Auteur du texte","[S.l., 1789]","62 p. ; in-8","bnf","https://catalogue.bnf.fr/ark:/12148/cb302637598",62
"60",98,"Condorcet","https://gallica.bnf.fr/ark:/12148/bpt6k1509441g","Sur la nécessité de faire ratifier la constitution par les citoyens, et sur la formation des communautés de campagne . Par M. le M[arqu]is de Condorcet.","1789","Condorcet, Jean-Antoine-Nicolas de Caritat marquis de (1743-1794). Auteur du texte","(A Paris, de l'Imprimerie de Ph.-D. Pierres, premier imprimeur ordinaire du Roi [1789].)","[2]-41 p. ; in-8","bnf","https://catalogue.bnf.fr/ark:/12148/cb30263760g",41
"61",100,"Condorcet","https://gallica.bnf.fr/ark:/12148/bpt6k1509453p   https://gallica.bnf.fr/ark:/12148/bpt6k1509439d","Sur les fonctions des États-Généraux et des autres assemblées nationales . Tome premier [-second].","1789","Condorcet, Jean-Antoine-Nicolas de Caritat marquis de (1743-1794). Auteur du texte","[S.l.] 1789.","2 t. (10-196-54 ; 328-100 p., [7] f. de pl. dépl. (tableaux)) ; in-8","bnf","https://catalogue.bnf.fr/ark:/12148/cb30263764v",100
"62",101,"Condorcet","https://gallica.bnf.fr/ark:/12148/bd6t5338996p   https://gallica.bnf.fr/ark:/12148/bd6t53389972   https://gallica.bnf.fr/ark:/12148/bd6t5338998f   https://gallica.bnf.fr/ark:/12148/bpt6k1509372p","Éloge de M. le comte de Maurepas, ministre d'État , prononcé dans la séance publique de l'Académie royale des sciences, le 10 avril 1782, par M. le marquis de Condorcet,...","1782","Condorcet, Jean-Antoine-Nicolas de Caritat marquis de (1743-1794). Auteur du texte","Impr. royale (Paris)","55 p. ; in-8","bnf","https://catalogue.bnf.fr/ark:/12148/cb30263682h",55
"63",102,"Condorcet","https://gallica.bnf.fr/ark:/12148/bpt6k6219503q","Aux Germains . Par Condorcet","1792","Condorcet, Jean-Antoine-Nicolas de Caritat marquis de (1743-1794). Auteur du texte","[s.n.]","24 p. ; in-8","bnf","https://catalogue.bnf.fr/ark:/12148/cb30263652k",24
"64",103,"Condorcet","https://gallica.bnf.fr/ark:/12148/bpt6k553272","Réflexions d'un citoyen catholique sur les loix de France relatives aux protestans / [par Condorcet]","1778","Condorcet, Jean-Antoine-Nicolas de Caritat marquis de (1743-1794). Auteur du texte","[s.n.]","66 p. ; in-8","bnf","https://catalogue.bnf.fr/ark:/12148/cb30263737z",66
"65",104,"Condorcet","https://gallica.bnf.fr/ark:/12148/bpt6k73809f","Plan de constitution présenté a la Convention nationale, les 15 & 16 février 1793, l'an II de la République . Imprimé par ordre de la Convention nationale.","1793","Condorcet, Jean-Antoine-Nicolas de Caritat marquis de (1743-1794). Auteur du texte","A Paris, de l'Imprimerie nationale. 1793.","[2]-48-48 p. ; in-8","bnf","https://catalogue.bnf.fr/ark:/12148/cb30263811j",48
"66",107,"Condorcet","https://gallica.bnf.fr/ark:/12148/bpt6k743633","Opinion de M. Condorcet sur les mesures générales propres à sauver la patrie des dangers imminens dont elle est menacée : prononcée à l'Assemblée nationale, le 6 juillet 1792...","1792","Condorcet, Jean-Antoine-Nicolas de Caritat marquis de (1743-1794). Auteur du texte","Impr. nationale (Paris)","42 p. ; in-8","bnf","https://catalogue.bnf.fr/ark:/12148/cb30263797t",42
"67",108,"Condorcet","https://gallica.bnf.fr/ark:/12148/bpt6k1157245","[Influence de la révolution de l'Amérique sur les opinions et la législation de l'Europe]","1788-1810","Condorcet, Jean-Antoine-Nicolas de Caritat marquis de (1743-1794). Auteur du texte","[s.n.]","48 p. ; in-8","bnf","https://catalogue.bnf.fr/ark:/12148/cb31963182g",48
"68",109,"Condorcet","https://gallica.bnf.fr/ark:/12148/bpt6k3044154t   https://gallica.bnf.fr/ark:/12148/bd6t5368838s","Rapport et projet de décret sur l'organisation générale de l'instruction publique, présentés à l'Assemblée nationale, au nom du Comité d'instruction publique ; par Condorcet,... les 20 & 21 avril 1792 l'an 4e. de la liberté...","1792","Condorcet, Jean-Antoine-Nicolas de Caritat marquis de (1743-1794). Auteur du texte","Impr. nationale (Paris)","94 p. ; in-8","bnf","https://catalogue.bnf.fr/ark:/12148/cb302637923",94
"69",110,"Condorcet","https://gallica.bnf.fr/ark:/12148/bpt6k823018   https://gallica.bnf.fr/ark:/12148/bpt6k3101475","Réflexions sur l'esclavage des negres . Par M. Schwartz, pasteur du Saint-Evangile à Bienne...","1781","Condorcet, Jean-Antoine-Nicolas de Caritat marquis de (1743-1794). Auteur du texte","Société typographique (Neufchâtel)","XII-99 p. ; in-8","bnf","https://catalogue.bnf.fr/ark:/12148/cb302637447",99
"70",111,"Condorcet","https://gallica.bnf.fr/ark:/12148/bpt6k86429w","Un ami de Voltaire à M. d'Éprémesnil,... au sujet d'un plaidoyer qu'il a prononcé au Parlement de Rouen contre le général Lally et contre son fils Mr. de Tolendal. Dans ce plaidoyer on outrage gratuitement la mémoire de Mr. de Voltaire","1780","Condorcet, Jean-Antoine-Nicolas de Caritat marquis de (1743-1794). Auteur du texte","L'Esprit (Londres)","60 p. ; in-8","bnf","https://catalogue.bnf.fr/ark:/12148/cb30263766j",60
"71",113,"Condorcet","https://gallica.bnf.fr/ark:/12148/bpt6k101973s","Esquisse d'un tableau historique des progrès de l'esprit humain : ouvrage posthume / de Condorcet ; [publ. par P.-C.-F. Daunou et Mme M.-L.-S. de Condorcet]","1794","Condorcet, Jean-Antoine-Nicolas de Caritat marquis de (1743-1794). Auteur du texte","Agasse (Paris)","VIII-389 p. ; in-8","bnf","https://catalogue.bnf.fr/ark:/12148/cb302636877",389
"72",116,"Desmoulins","https://gallica.bnf.fr/ark:/12148/bpt6k6457978s","Discours de la lanterne aux Parisiens.","1789","Desmoulins, Camille (1760-1794). Auteur du texte","En France, l'an premier de la liberté [1789].","[2]-62 p. ; in-8","bnf","https://catalogue.bnf.fr/ark:/12148/cb30333301d",62
"73",117,"Olympe de Gouges","https://gallica.bnf.fr/ark:/12148/bpt6k96196932","L'Esprit françois, ou Problème à résoudre sur le labyrinthe des divers complots , par Mme de Gouges","1792","Gouges, Olympe de (1748-1793). Auteur du texte","Vve Duchesne (Paris)","In-8, VIII-32 p.","bnf","https://catalogue.bnf.fr/ark:/12148/cb305269415",32
"74",118,"Olympe de Gouges","https://gallica.bnf.fr/ark:/12148/bpt6k9808815f","Mirabeau aux Champs-Élisées . Comédie en un acte et en prose, par madame de Gouges...","1790-1795","Gouges, Olympe de (1748-1793). Auteur du texte","Garnéry (Paris)","XXI-[ bl.]-46 p. ; in-8","bnf","https://catalogue.bnf.fr/ark:/12148/cb305269535",46
"75",119,"Olympe de Gouges","https://gallica.bnf.fr/ark:/12148/bpt6k57456272","L'esclavage des noirs, ou L'heureux naufrage , drame en trois actes, en prose,... par Mme de Gouges,...","1792","Gouges, Olympe de (1748-1793). Auteur du texte","Vve Duchesne (Paris) | Vve Bailly (Paris) | chez les marchands de nouveauté (Paris)","50 p. ; in-8","bnf","https://catalogue.bnf.fr/ark:/12148/cb30526940t",50
"76",120,"Olympe de Gouges","https://gallica.bnf.fr/ark:/12148/bd6t5373198j","Lettre au peuple, ou Projet d'une caisse patriotique ; par une citoyenne","1788","Gouges, Olympe de (1748-1793). Auteur du texte","A Vienne, et se trouve à Paris, chez les marchands de nouveautés. 1788","31 p., front. ; in-8","bnf","https://catalogue.bnf.fr/ark:/12148/cb33453467m",31
"77",121,"Olympe de Gouges","https://gallica.bnf.fr/ark:/12148/bpt6k96226223","Remarques patriotiques , par la citoyenne, auteur de la ","1780-1800","Gouges, Olympe de (1748-1793). Auteur du texte","[s.n.]","48 p.-1 p. de pl. ; in-8","bnf","https://catalogue.bnf.fr/ark:/12148/cb30526961s",48
"78",122,"Olympe de Gouges","https://gallica.bnf.fr/ark:/12148/bpt6k98191376","Le couvent, ou Les voeux forcés , drame en trois actes. Représenté en deux actes, & remis en trois au Théâtre françois, comique & lyrique, au mois d'octobre 1790...","1792","Gouges, Olympe de (1748-1793). Auteur du texte","Vve Duchesne (Paris)","83 p. ; in-8","bnf","https://catalogue.bnf.fr/ark:/12148/cb30526933j",83
"79",123,"Olympe de Gouges","https://gallica.bnf.fr/ark:/12148/bpt6k64848397   https://gallica.bnf.fr/ark:/12148/bpt6k9629179b   https://gallica.bnf.fr/ark:/12148/bpt6k317906t","Les droits de la femme . A la Reine","1791","Gouges, Olympe de (1748-1793). Auteur du texte","[Paris, 1791]","24 p. ; in-8","bnf","https://catalogue.bnf.fr/ark:/12148/cb36057180p",24
"80",124,"Laclos","https://gallica.bnf.fr/ark:/12148/btv1b8613394v   https://gallica.bnf.fr/ark:/12148/btv1b86133958","Les Liaisons dangereuses, ou Lettres recueillies dans une société, & publiées pour l'instruction de quelques autres . Par M. C..... de L... Premiere [-quatrieme] partie","1782","Choderlos de Laclos, Pierre-Ambroise-François (1741-1803). Auteur du texte","A Amsterdam ; et se trouve à Paris, chez Durand neveu, libraire, à la Sagesse, rue Galande. M.DCC.LXXXII [1782]","4 t. en 2 vol. (248-242 ; 231-257 p.) ; in-12","bnf","https://catalogue.bnf.fr/ark:/12148/cb30238973z",257
"81",128,"Marat","https://gallica.bnf.fr/ark:/12148/bpt6k10497489","Plan de législation criminelle . Par Marat. L'Ami du Peuple. Troisieme édition.","1793-1800","Marat, Jean-Paul (1743-1793). Auteur du texte","[Paris.] De l'Imprimerie de la Veuve Marat, rue Marat N°. 30 [ca 1793-1800]","[2]-172 p. (sig. A4, B-L8, M3) ; in-8","bnf","https://catalogue.bnf.fr/ark:/12148/cb42246320t",172
"82",134,"Marat","https://gallica.bnf.fr/ark:/12148/bpt6k103962m","The chains of slavery . A a work wherein the clandestine and villainous attempts of princes to ruin liberty are pointed out, and the dreadful scenes of despotism disclosed. To which is prefixed, an address to the electors of Great Britain, in order to draw their timely attention to the choice of proper representatives in the next Parliament","1774","Marat, Jean-Paul (1743-1793). Auteur du texte","London : sold by J. Almon, opposite Burlington House, in Piccadilly ; T. Payne, at the Mews Gate ; and Richardson & Urquhart, near the Royal Exchange. MDCCLXXIV","XII-[4]-259 p. ; in-4","bnf","https://catalogue.bnf.fr/ark:/12148/cb32415703q",259
"83",136,"Mirabeau","https://gallica.bnf.fr/ark:/12148/bpt6k1509090k","Lettre remise à Frédéric-Guillaume II, roi régnant de Prusse, le jour de son avènement au trône, par le Cte de Mirabeau","1787","Mirabeau, Honoré-Gabriel Riquetti comte de (1749-1791). Auteur du texte","","In-8° , 62 p.","bnf","https://catalogue.bnf.fr/ark:/12148/cb30951885m",62
"84",137,"Mirabeau","https://gallica.bnf.fr/ark:/12148/bpt6k1509089x","Lettre remise à Frédéric-Guillaume II, roi régnant de Prusse, le jour de son avènement au trône, par le Cte de Mirabeau","1787","Mirabeau, Honoré-Gabriel Riquetti comte de (1749-1791). Auteur du texte","","In-8° , 84 p.","bnf","https://catalogue.bnf.fr/ark:/12148/cb30951886z",84
"85",138,"Mirabeau","https://gallica.bnf.fr/ark:/12148/bpt6k1509218j","Lettre remise à Frédéric-Guillaume II, roi régnant de Prusse, le jour de son avènement au trône, par le Cte de Mirabeau","1787","Mirabeau, Honoré-Gabriel Riquetti comte de (1749-1791). Auteur du texte","","In-8° , 91 p.","bnf","https://catalogue.bnf.fr/ark:/12148/cb30951883x",91
"86",140,"Mirabeau","https://gallica.bnf.fr/ark:/12148/bpt6k56680707","Essai sur le despotisme . 2e édition augmentée... par l'éditeur de cet ouvrage","1776","Mirabeau, Honoré-Gabriel Riquetti comte de (1749-1791). Auteur du texte","[s.n.] (Londres)","214 p. ; in-8","bnf","https://catalogue.bnf.fr/ark:/12148/cb309518085",214
"87",142,"Mirabeau","https://gallica.bnf.fr/ark:/12148/bpt6k56959685   https://gallica.bnf.fr/ark:/12148/bpt6k6436904m","Essai sur le despotisme . Troisième édition... Précédé de la lettre de M. de S. M. aux auteurs de la ","1792","Mirabeau, Honoré-Gabriel Riquetti comte de (1749-1791). Auteur du texte","Le Jay (Paris)","XL-336 p. ; in-8","bnf","https://catalogue.bnf.fr/ark:/12148/cb33998803c",336
"88",144,"Mirabeau","https://gallica.bnf.fr/ark:/12148/bpt6k1055804h","Errotika [i.e Erotika] biblion... / [par Mirabeau]","1783","Mirabeau, Honoré-Gabriel Riquetti comte de (1749-1791). Auteur du texte","impr. du Vatican (Rome)","IV-192 p. ; in-8","bnf","https://catalogue.bnf.fr/ark:/12148/cb324539597",192
"89",145,"Mirabeau","https://gallica.bnf.fr/ark:/12148/bpt6k1510106g","Errotika Biblion... / [par le comte de Mirabeau]","1783","Mirabeau, Honoré-Gabriel Riquetti comte de (1749-1791). Auteur du texte","impr. du Vatican (A Rome)","IV-192 p. ; In-8","bnf","https://catalogue.bnf.fr/ark:/12148/cb309517511",192
"90",146,"Mirabeau","https://gallica.bnf.fr/ark:/12148/bpt6k15221657","Errotika Biblion. Dernière édition","1792","Mirabeau, Honoré-Gabriel Riquetti comte de (1749-1791). Auteur du texte","","In-8°, préface, 174 p., et la table","bnf","https://catalogue.bnf.fr/ark:/12148/cb32453960f",174
"91",148,"Mirabeau","https://gallica.bnf.fr/ark:/12148/bpt6k1517671z","Le Libertin de qualité, ou Confidences d'un prisonnier au château de Vincennes [Mirabeau] écrites par lui-même...","1784","Mirabeau, Honoré-Gabriel Riquetti comte de (1749-1791). Auteur du texte","","VIII-319 p. pl. gr. en t. douce ; in-8","bnf","https://catalogue.bnf.fr/ark:/12148/cb324539655",319
"92",149,"Mirabeau","https://gallica.bnf.fr/ark:/12148/bpt6k1517673s","Ma Conversion, par M.D.R.C.D.M.F. [Mirabeau]. Avec figures en taille-douce. 1re édition","1783","Mirabeau, Honoré-Gabriel Riquetti comte de (1749-1791). Auteur du texte","","In-12, VIII-248 p. pl","bnf","https://catalogue.bnf.fr/ark:/12148/cb324539686",248
"93",152,"Mirabeau","https://gallica.bnf.fr/ark:/12148/bpt6k9736312f","Essai sur le despotisme , 2 seconde édition augmentée & corrigée par l'éditeur de cet ouvrage","1776","Mirabeau, Honoré-Gabriel Riquetti comte de (1749-1791). Auteur du texte","[s.n.] (Londre)","VIII-[2]-308 p. ; in-8","bnf","https://catalogue.bnf.fr/ark:/12148/cb30951807t",308
"94",155,"Mirabeau","https://gallica.bnf.fr/ark:/12148/bpt6k65761721","Discours sur la représentation illégale de la nation provençale dans ses États actuels, et sur la nécessité de convoquer une assemblée générale des trois ordres, prononcé par le Comte de Mirabeau, dans la quatrième séance des États actuels de Provence, le 30 janvier 1789","1789","Mirabeau, Honoré-Gabriel Riquetti comte de (1749-1791). Auteur du texte","Gibelin-David et Émeric-David (Aix)","In-8° , 35 p.","bnf","https://catalogue.bnf.fr/ark:/12148/cb30951947b",35
"95",157,"Mirabeau","https://gallica.bnf.fr/ark:/12148/bpt6k5832470d","Sur la liberté de la presse, imité de l'anglois de Milton , par le Cte de Mirabeau...","1788","Mirabeau, Honoré-Gabriel Riquetti comte de (1749-1791). Auteur du texte","[s.n.] (Londres)","66 p. ; in-8","bnf","https://catalogue.bnf.fr/ark:/12148/cb30951850z",66
"96",158,"Mirabeau","https://gallica.bnf.fr/ark:/12148/bpt6k3043876h","Travail sur l'éducation publique, trouvé dans les papiers de Mirabeau l'aîné ; publié par P. J. G. Cabanis,...","1791","Mirabeau, Honoré-Gabriel Riquetti comte de (1749-1791). Auteur du texte","Impr. nationale (Paris)","206 p. ; in-8","bnf","https://catalogue.bnf.fr/ark:/12148/cb30951867p",206
"97",160,"Mirabeau","https://gallica.bnf.fr/ark:/12148/bpt6k6471838m   https://gallica.bnf.fr/ark:/12148/bpt6k64717158","Esprit de Mirabeau, ou Manuel de l'homme d'État, des publicistes, des fonctionnaires et des orateurs ; divisé par ordre des matières, et mebrassant les différentes branches de l'économie politique ; extrait de tous les ouvrages de Gabriel-Honoré Riquetti de Mirabeau, et précédé d'un précis historique de sa vie","1797","Mirabeau, Honoré-Gabriel Riquetti comte de (1749-1791). Auteur du texte","Fr. Buisson (Paris)","2 vol. (XC-518 [sic 438], 542 p.) ; in-8","bnf","https://catalogue.bnf.fr/ark:/12148/cb302300172",542
"98",161,"Sieyès","https://gallica.bnf.fr/ark:/12148/bpt6k6540436h","Quelques idées de constitution, applicables a la ville de Paris en juillet 1789 . Par M. l'abbé Sieyes.","1789","Sieyès, Emmanuel-Joseph (1748-1836). Auteur du texte","A Versailles, chez Baudouin, imprimeur de l'Assemblée nationale, avenue de Paris, n° 62. 24 septembre 1789.","39 p. ; in-8","bnf","https://catalogue.bnf.fr/ark:/12148/cb359923312",39
"99",162,"Sieyès","https://gallica.bnf.fr/ark:/12148/bpt6k9774343g","Quelques idées de constitution, applicables a la ville de Paris en juillet 1789 . Par M. l'abbé Sieyes.","1789","Sieyès, Emmanuel-Joseph (1748-1836). Auteur du texte","A Versailles, chez Baudouin, imprimeur de l'Assemblée nationale, avenue de Paris n°. 62 [1789].","[2]-37 p. ; in-8","bnf","https://catalogue.bnf.fr/ark:/12148/cb31365936z",37
"100",166,"Sieyès","https://gallica.bnf.fr/ark:/12148/bpt6k57882625","Notice sur la vie de Sieyès, membre de la première Assemblée nationale et de la Convention, écrite à Paris, en messidor, deuxième année de l'ère républicaine...","1794","Sieyès, Emmanuel-Joseph (1748-1836). Auteur du texte","Maradan (En Suisse ; et Paris)","In-8° , 66 p.","bnf","https://catalogue.bnf.fr/ark:/12148/cb31365919c",66
"101",167,"Sieyès","https://gallica.bnf.fr/ark:/12148/bpt6k110603d   https://gallica.bnf.fr/ark:/12148/bpt6k97743422","Projet d'un décret provisoire sur le clergé, &c. . Par M. l'abbé Sieyès. Du 12 février 1790","1790","Sieyès, Emmanuel-Joseph (1748-1836). Auteur du texte","Impr. nationale (Paris)","40 p. ; in-8","bnf","https://catalogue.bnf.fr/ark:/12148/cb31365928b",40
"102",168,"Sieyès","https://gallica.bnf.fr/ark:/12148/bpt6k9774341n","Essai sur les priviléges . Nouvelle édition.","1789","Sieyès, Emmanuel-Joseph (1748-1836). Auteur du texte","[S.l.] 1789.","[2]-54 p. ; in-8","bnf","https://catalogue.bnf.fr/ark:/12148/cb31365917p",54
"103",169,"Sieyès","https://gallica.bnf.fr/ark:/12148/bpt6k97743407","Qu'est-ce que le Tiers-État ? Troisième édition.","1789","Sieyès, Emmanuel-Joseph (1748-1836). Auteur du texte","[S.l.] 1789.","[2]-180 p. ; in-8","bnf","https://catalogue.bnf.fr/ark:/12148/cb31365933x",180
"104",184,"Condorcet","https://gallica.bnf.fr/ark:/12148/bpt6k6224560g","Avis aux Espagnols , par Condorcet","","Condorcet, Jean-Antoine-Nicolas de Caritat marquis de (1743-1794). Auteur du texte","impr. de la ","23 p. ; in-12","selected","https://catalogue.bnf.fr/ark:/12148/cb30263653x",23
"105",187,"Desmoulins","","Discours de la Lanterne / Camille Desmoulins. Précédé de Essai sur la vie de Camille Desmoulins / [Pierre-Joseph Matton]","2017","Desmoulins, Camille (1760-1794). Auteur du texte | Matton, Pierre-Joseph Marcelin (1809-1886). Auteur du texte | Matton, Pierre-Joseph Marcelin (1809-1886). Auteur du texte","Mazeto square (Paris)","1 vol. (67 p.) ; 18 cm","selected","https://catalogue.bnf.fr/ark:/12148/cb454158710",67
"106",190,"Desmoulins","https://gallica.bnf.fr/ark:/12148/bpt6k14237001","Correspondance inédite de Camille Desmoulins, député à la Convention nationale ; publiée par M. Matton aîné,...","1836","Desmoulins, Camille (1760-1794). Auteur du texte","Ébrard (Paris)","30-248 p. : fac-similé, portrait ; in-8","selected","https://catalogue.bnf.fr/ark:/12148/cb30333296n",248
"107",234,"Laclos","https://gallica.bnf.fr/ark:/12148/bpt6k1193426f","De l'éducation des femmes / par Choderlos de Laclos,... ; publié d'après le manuscrit de la Bibliothèque nationale, avec une introduction et des documents, par Édouard Champion. suivi de notes inédites de Charles Baudelaire","1903","Choderlos de Laclos, Pierre-Ambroise-François (1741-1803). Auteur du texte","A. Messein (Paris)","1 vol. (146 p.) ; in-18","selected","https://catalogue.bnf.fr/ark:/12148/cb30238957q",146
"108",237,"Laclos","https://gallica.bnf.fr/ark:/12148/bpt6k9739561j   https://gallica.bnf.fr/ark:/12148/bpt6k9738925r","Les liaisons dangereuses / Choderlos de Laclos ; précédé d'une étude par Jean Giraudoux...","1932","Choderlos de Laclos, Pierre-Ambroise-François (1741-1803). Auteur du texte","Stendhal et Cie (Paris)","2 vol. (XXI-312, 314 p.) : pl. portr. ; in-8","selected","https://catalogue.bnf.fr/ark:/12148/cb319431644",314
"109",248,"Marat","https://gallica.bnf.fr/ark:/12148/bpt6k6215671n","Oeuvres de JP Marat (l'ami du peuple) / recueillies et annotées par A. Vermorel","1869","Marat, Jean-Paul (1743-1793). Auteur du texte","Décembre-Alonnier (Paris)","1 vol. (VII-326 p.) ; in-18","selected","https://catalogue.bnf.fr/ark:/12148/cb30875544d",326
"110",249,"Marat","https://gallica.bnf.fr/ark:/12148/bpt6k65075788","Éloge de Montesquieu : présenté à l'Académie de Bordeaux, le 28 mars 1785 / par J.-P. Maratz ; publié avec une introduction, par Arthur de Brézetz,...","1883","Marat, Jean-Paul (1743-1793). Auteur du texte","G. Maleville (Libourne)","1 vol. (XVIII-79 p.) ; in-8","selected","https://catalogue.bnf.fr/ark:/12148/cb30875619g",79
"111",252,"Pétion","https://gallica.bnf.fr/ark:/12148/bpt6k6255307j","Compte rendu par Jérôme Pétion à ses concitoyens","","Pétion, Jérôme (1756-1794). Auteur du texte","Impr. nationale (Paris)","28 p. ; in-8","selected","https://catalogue.bnf.fr/ark:/12148/cb31091604n",28
"112",255,"Pétion","https://gallica.bnf.fr/ark:/12148/bpt6k54406501","Projet de la Déclaration des droits de l'homme et du citoyen, et d'une Constitution républicaine démocratique , présenté au peuple français, par Jérôme Pétion, père...","","Pétion, Jérôme (1756-1794). Auteur du texte","impr. de F. Durand (Chartres)","43 p. ; in-4","selected","https://catalogue.bnf.fr/ark:/12148/cb31091592g",43
