"","link","author","Auteur","source"
"1","https://catalogue.bnf.fr/ark:/12148/cb302486035","Clavière","Clavière, Étienne (1735-1793). Auteur du texte","both"
"2","https://catalogue.bnf.fr/ark:/12148/cb30263754j","Condorcet","Condorcet, Jean-Antoine-Nicolas de Caritat marquis de (1743-1794). Auteur du texte","both"
"3","https://catalogue.bnf.fr/ark:/12148/cb30263686w","Condorcet","Condorcet, Jean-Antoine-Nicolas de Caritat marquis de (1743-1794). Auteur du texte","both"
"4","https://catalogue.bnf.fr/ark:/12148/cb302637191","Condorcet","Condorcet, Jean-Antoine-Nicolas de Caritat marquis de (1743-1794). Auteur du texte","both"
"5","https://catalogue.bnf.fr/ark:/12148/cb30263706p","Condorcet","Condorcet, Jean-Antoine-Nicolas de Caritat marquis de (1743-1794). Auteur du texte","both"
"6","https://catalogue.bnf.fr/ark:/12148/cb39359260r","Desmoulins","Desmoulins, Camille (1760-1794). Auteur du texte","both"
"7","https://catalogue.bnf.fr/ark:/12148/cb303333153","Desmoulins","Desmoulins, Camille (1760-1794). Auteur du texte","both"
"8","https://catalogue.bnf.fr/ark:/12148/cb303333095","Desmoulins","Desmoulins, Camille (1760-1794). Auteur du texte","both"
"9","https://catalogue.bnf.fr/ark:/12148/cb30333299p","Desmoulins","Desmoulins, Camille (1760-1794). Auteur du texte","both"
"10","https://catalogue.bnf.fr/ark:/12148/cb36441282p","Desmoulins","Desmoulins, Camille (1760-1794). Auteur du texte","both"
"11","https://catalogue.bnf.fr/ark:/12148/cb372423104","Ducrest","Ducrest, Charles-Louis (1747-1824). Auteur du texte","both"
"12","https://catalogue.bnf.fr/ark:/12148/cb372623665","Ducrest","Ducrest, Charles-Louis. Auteur du texte","both"
"13","https://catalogue.bnf.fr/ark:/12148/cb303665499","Ducrest","Ducrest, Charles-Louis (1747-1824). Auteur du texte","both"
"14","https://catalogue.bnf.fr/ark:/12148/cb30366554w","Ducrest","Ducrest, Charles-Louis (1747-1824). Auteur du texte","both"
"15","https://catalogue.bnf.fr/ark:/12148/cb30366551v","Ducrest","Ducrest, Charles-Louis (1747-1824). Auteur du texte","both"
"16","https://catalogue.bnf.fr/ark:/12148/cb30526951g","Olympe de Gouges","Gouges, Olympe de (1748-1793). Auteur du texte","both"
"17","https://catalogue.bnf.fr/ark:/12148/cb30526939m","Olympe de Gouges","Gouges, Olympe de (1748-1793). Auteur du texte","both"
"18","https://catalogue.bnf.fr/ark:/12148/cb305269206","Olympe de Gouges","Gouges, Olympe de (1748-1793). Auteur du texte","both"
"19","https://catalogue.bnf.fr/ark:/12148/cb302389989","Laclos","Choderlos de Laclos, Pierre-Ambroise-François (1741-1803). Auteur du texte","both"
"20","https://catalogue.bnf.fr/ark:/12148/cb302389629","Laclos","Choderlos de Laclos, Pierre-Ambroise-François (1741-1803). Auteur du texte","both"
"21","https://catalogue.bnf.fr/ark:/12148/cb337645744","Laclos","Choderlos de Laclos, Pierre-Ambroise-François (1741-1803). Auteur du texte | Sieyès, Emmanuel-Joseph (1748-1836). Auteur du texte | ","both"
"22","https://catalogue.bnf.fr/ark:/12148/cb30874428n","Manuel","Manuel, Louis-Pierre (1751-1793). Auteur du texte","both"
"23","https://catalogue.bnf.fr/ark:/12148/cb340651041","Manuel","Manuel, Louis-Pierre (1751-1793). Auteur du texte","both"
"24","https://catalogue.bnf.fr/ark:/12148/cb35945355r","Manuel","Manuel, Louis-Pierre (1751-1793). Auteur du texte","both"
"25","https://catalogue.bnf.fr/ark:/12148/cb308755521","Marat","Marat, Jean-Paul (1743-1793). Auteur du texte","both"
"26","https://catalogue.bnf.fr/ark:/12148/cb30875620p","Marat","Marat, Jean-Paul (1743-1793). Auteur du texte","both"
"27","https://catalogue.bnf.fr/ark:/12148/cb30875590k","Marat","Marat, Jean-Paul (1743-1793). Auteur du texte","both"
"28","https://catalogue.bnf.fr/ark:/12148/cb41513154m","Marat","Marat, Jean-Paul (1743-1793). Auteur du texte","both"
"29","https://catalogue.bnf.fr/ark:/12148/cb422461866","Marat","Marat, Jean-Paul (1743-1793). Auteur du texte","both"
"30","https://catalogue.bnf.fr/ark:/12148/cb308756273","Marat","Marat, Jean-Paul (1743-1793). Auteur du texte","both"
"31","https://catalogue.bnf.fr/ark:/12148/cb30875616f","Marat","Marat, Jean-Paul (1743-1793). Auteur du texte","both"
"32","https://catalogue.bnf.fr/ark:/12148/cb308755672","Marat","Marat, Jean-Paul (1743-1793). Auteur du texte","both"
"33","https://catalogue.bnf.fr/ark:/12148/cb30875586b","Marat","Marat, Jean-Paul (1743-1793). Auteur du texte","both"
"34","https://catalogue.bnf.fr/ark:/12148/cb30875626r","Marat","Marat, Jean-Paul (1743-1793). Auteur du texte","both"
"35","https://catalogue.bnf.fr/ark:/12148/cb308755928","Marat","Marat, Jean-Paul (1743-1793). Auteur du texte","both"
"36","https://catalogue.bnf.fr/ark:/12148/cb30875625d","Marat","Marat, Jean-Paul (1743-1793). Auteur du texte","both"
"37","https://catalogue.bnf.fr/ark:/12148/cb30875602r","Marat","Marat, Jean-Paul (1743-1793). Auteur du texte | Huguenin, Sulpice (1765?-1803?). Auteur du texte | ","both"
"38","https://catalogue.bnf.fr/ark:/12148/cb30875572n","Marat","Marat, Jean-Paul (1743-1793). Auteur du texte","both"
"39","https://catalogue.bnf.fr/ark:/12148/cb308755552","Marat","Marat, Jean-Paul (1743-1793). Auteur du texte","both"
"40","https://catalogue.bnf.fr/ark:/12148/cb30875617s","Marat","Marat, Jean-Paul (1743-1793). Auteur du texte","both"
"41","https://catalogue.bnf.fr/ark:/12148/cb31091652h","Pétion","Pétion, Jérôme (1756-1794). Auteur du texte","both"
"42","https://catalogue.bnf.fr/ark:/12148/cb310915945","Pétion","Pétion, Jérôme (1756-1794). Auteur du texte","both"
"43","https://catalogue.bnf.fr/ark:/12148/cb31091614z","Pétion","Pétion, Jérôme (1756-1794). Auteur du texte","both"
"44","https://catalogue.bnf.fr/ark:/12148/cb31091667j","Pétion","Pétion, Jérôme (1756-1794). Auteur du texte","both"
"45","https://catalogue.bnf.fr/ark:/12148/cb31091622k","Pétion","Pétion, Jérôme (1756-1794). Auteur du texte","both"
"46","https://catalogue.bnf.fr/ark:/12148/cb31091644w","Pétion","Pétion, Jérôme (1756-1794). Auteur du texte","both"
"47","https://catalogue.bnf.fr/ark:/12148/cb31091618b","Pétion","Pétion, Jérôme (1756-1794). Auteur du texte | Carra, Jean-Louis (1742-1793). Auteur du texte | ","both"
"48","https://catalogue.bnf.fr/ark:/12148/cb31091634k","Pétion","Pétion, Jérôme (1756-1794). Auteur du texte | Fauchet, Claude (1744-1793). Auteur du texte | ","both"
"49","https://catalogue.bnf.fr/ark:/12148/cb310916217","Pétion","Pétion, Jérôme (1756-1794). Auteur du texte","both"
"50","https://catalogue.bnf.fr/ark:/12148/cb31091668w","Pétion","Pétion, Jérôme (1756-1794). Auteur du texte","both"
"51","https://catalogue.bnf.fr/ark:/12148/cb310916697","Pétion","Pétion, Jérôme (1756-1794). Auteur du texte","both"
"52","https://catalogue.bnf.fr/ark:/12148/cb310916457","Pétion","Pétion, Jérôme (1756-1794). Auteur du texte","both"
"53","https://catalogue.bnf.fr/ark:/12148/cb310916159","Pétion","Pétion, Jérôme (1756-1794). Auteur du texte | Dufourny de Villiers, Louis-Pierre (1739-1796). Auteur du texte | ","both"
"54","https://catalogue.bnf.fr/ark:/12148/cb31091670f","Pétion","Pétion, Jérôme (1756-1794). Auteur du texte | Couthon, Georges (1755-1794). Auteur du texte | Dubois de Crancé, Edmond-Louis-Alexis (1747-1814). Auteur du texte | ","both"
"55","https://catalogue.bnf.fr/ark:/12148/cb337645744","Laclos","Choderlos de Laclos, Pierre-Ambroise-François (1741-1803). Auteur du texte | Sieyès, Emmanuel-Joseph (1748-1836). Auteur du texte | ","both"
"56","https://catalogue.bnf.fr/ark:/12148/cb30163031s","Brissot","Brissot de Warville, Jacques-Pierre (1754-1793). Auteur du texte","bnf"
"57","https://catalogue.bnf.fr/ark:/12148/cb328009653","Brissot","Brissot de Warville, Jacques-Pierre (1754-1793). Auteur du texte","bnf"
"58","https://catalogue.bnf.fr/ark:/12148/cb388904046","Brissot","Brissot de Warville, Jacques-Pierre (1754-1793). Auteur du texte","bnf"
"59","https://catalogue.bnf.fr/ark:/12148/cb30163036h","Brissot","Brissot de Warville, Jacques-Pierre (1754-1793). Auteur du texte","bnf"
"60","https://catalogue.bnf.fr/ark:/12148/cb31874684t","Brissot","Brissot de Warville, Jacques-Pierre (1754-1793). Auteur du texte","bnf"
"61","https://catalogue.bnf.fr/ark:/12148/cb318746855","Brissot","Brissot de Warville, Jacques-Pierre (1754-1793). Auteur du texte","bnf"
"62","https://catalogue.bnf.fr/ark:/12148/cb33987291c","Brissot","Brissot de Warville, Jacques-Pierre (1754-1793). Auteur du texte","bnf"
"63","https://catalogue.bnf.fr/ark:/12148/cb30163048h","Brissot","Brissot de Warville, Jacques-Pierre (1754-1793). Auteur du texte","bnf"
"64","https://catalogue.bnf.fr/ark:/12148/cb301630444","Brissot","Brissot de Warville, Jacques-Pierre (1754-1793). Auteur du texte","bnf"
"65","https://catalogue.bnf.fr/ark:/12148/cb30163055s","Brissot","Brissot de Warville, Jacques-Pierre (1754-1793). Auteur du texte","bnf"
"66","https://catalogue.bnf.fr/ark:/12148/cb30163016w","Brissot","Brissot de Warville, Jacques-Pierre (1754-1793). Auteur du texte","bnf"
"67","https://catalogue.bnf.fr/ark:/12148/cb30163007x","Brissot","Brissot de Warville, Jacques-Pierre (1754-1793). Auteur du texte","bnf"
"68","https://catalogue.bnf.fr/ark:/12148/cb32749012v","Brissot","Brissot de Warville, Jacques-Pierre (1754-1793). Auteur du texte","bnf"
"69","https://catalogue.bnf.fr/ark:/12148/cb30163015j","Brissot","Brissot de Warville, Jacques-Pierre (1754-1793). Auteur du texte","bnf"
"70","https://catalogue.bnf.fr/ark:/12148/cb30163037v","Brissot","Brissot de Warville, Jacques-Pierre (1754-1793). Auteur du texte","bnf"
"71","https://catalogue.bnf.fr/ark:/12148/cb301630057","Brissot","Brissot de Warville, Jacques-Pierre (1754-1793). Auteur du texte","bnf"
"72","https://catalogue.bnf.fr/ark:/12148/cb361259443","Brissot","Brissot de Warville, Jacques-Pierre (1754-1793). Auteur du texte","bnf"
"73","https://catalogue.bnf.fr/ark:/12148/cb30163058t","Brissot","Brissot de Warville, Jacques-Pierre (1754-1793). Auteur du texte","bnf"
"74","https://catalogue.bnf.fr/ark:/12148/cb316062565","Brissot","Brissot de Warville, Jacques-Pierre (1754-1793). Auteur du texte","bnf"
"75","https://catalogue.bnf.fr/ark:/12148/cb351915043","Brissot","Brissot de Warville, Jacques-Pierre (1754-1793). Auteur du texte","bnf"
"76","https://catalogue.bnf.fr/ark:/12148/cb30163067s","Brissot","Brissot de Warville, Jacques-Pierre (1754-1793). Auteur du texte","bnf"
"77","https://catalogue.bnf.fr/ark:/12148/cb30162993k","Brissot","Brissot de Warville, Jacques-Pierre (1754-1793). Auteur du texte","bnf"
"78","https://catalogue.bnf.fr/ark:/12148/cb455731501","Brissot","Brissot de Warville, Jacques-Pierre (1754-1793). Auteur du texte","bnf"
"79","https://catalogue.bnf.fr/ark:/12148/cb455786660","Brissot","Brissot de Warville, Jacques-Pierre (1754-1793). Auteur du texte","bnf"
"80","https://catalogue.bnf.fr/ark:/12148/cb302637656","Condorcet","Condorcet, Jean-Antoine-Nicolas de Caritat marquis de (1743-1794). Auteur du texte","bnf"
"81","https://catalogue.bnf.fr/ark:/12148/cb30263671v","Condorcet","Condorcet, Jean-Antoine-Nicolas de Caritat marquis de (1743-1794). Auteur du texte","bnf"
"82","https://catalogue.bnf.fr/ark:/12148/cb30263685j","Condorcet","Condorcet, Jean-Antoine-Nicolas de Caritat marquis de (1743-1794). Auteur du texte","bnf"
"83","https://catalogue.bnf.fr/ark:/12148/cb302636815","Condorcet","Condorcet, Jean-Antoine-Nicolas de Caritat marquis de (1743-1794). Auteur du texte","bnf"
"84","https://catalogue.bnf.fr/ark:/12148/cb30263676k","Condorcet","Condorcet, Jean-Antoine-Nicolas de Caritat marquis de (1743-1794). Auteur du texte","bnf"
"85","https://catalogue.bnf.fr/ark:/12148/cb30263712m","Condorcet","Condorcet, Jean-Antoine-Nicolas de Caritat marquis de (1743-1794). Auteur du texte","bnf"
"86","https://catalogue.bnf.fr/ark:/12148/cb30263743w","Condorcet","Condorcet, Jean-Antoine-Nicolas de Caritat marquis de (1743-1794). Auteur du texte","bnf"
"87","https://catalogue.bnf.fr/ark:/12148/cb30263701z","Condorcet","Condorcet, Jean-Antoine-Nicolas de Caritat marquis de (1743-1794). Auteur du texte","bnf"
"88","https://catalogue.bnf.fr/ark:/12148/cb30263713z","Condorcet","Condorcet, Jean-Antoine-Nicolas de Caritat marquis de (1743-1794). Auteur du texte","bnf"
"89","https://catalogue.bnf.fr/ark:/12148/cb30263763h","Condorcet","Condorcet, Jean-Antoine-Nicolas de Caritat marquis de (1743-1794). Auteur du texte","bnf"
"90","https://catalogue.bnf.fr/ark:/12148/cb30263717b","Condorcet","Condorcet, Jean-Antoine-Nicolas de Caritat marquis de (1743-1794). Auteur du texte","bnf"
"91","https://catalogue.bnf.fr/ark:/12148/cb35989000f","Condorcet","Condorcet, Jean-Antoine-Nicolas de Caritat marquis de (1743-1794). Auteur du texte","bnf"
"92","https://catalogue.bnf.fr/ark:/12148/cb30263758x","Condorcet","Condorcet, Jean-Antoine-Nicolas de Caritat marquis de (1743-1794). Auteur du texte","bnf"
"93","https://catalogue.bnf.fr/ark:/12148/cb30263698w","Condorcet","Condorcet, Jean-Antoine-Nicolas de Caritat marquis de (1743-1794). Auteur du texte","bnf"
"94","https://catalogue.bnf.fr/ark:/12148/cb30263718p","Condorcet","Condorcet, Jean-Antoine-Nicolas de Caritat marquis de (1743-1794). Auteur du texte","bnf"
"95","https://catalogue.bnf.fr/ark:/12148/cb30263697j","Condorcet","Condorcet, Jean-Antoine-Nicolas de Caritat marquis de (1743-1794). Auteur du texte","bnf"
"96","https://catalogue.bnf.fr/ark:/12148/cb302637598","Condorcet","Condorcet, Jean-Antoine-Nicolas de Caritat marquis de (1743-1794). Auteur du texte","bnf"
"97","https://catalogue.bnf.fr/ark:/12148/cb30263746x","Condorcet","Condorcet, Jean-Antoine-Nicolas de Caritat marquis de (1743-1794). Auteur du texte","bnf"
"98","https://catalogue.bnf.fr/ark:/12148/cb30263760g","Condorcet","Condorcet, Jean-Antoine-Nicolas de Caritat marquis de (1743-1794). Auteur du texte","bnf"
"99","https://catalogue.bnf.fr/ark:/12148/cb302637834","Condorcet","Condorcet, Jean-Antoine-Nicolas de Caritat marquis de (1743-1794). Auteur du texte","bnf"
"100","https://catalogue.bnf.fr/ark:/12148/cb30263764v","Condorcet","Condorcet, Jean-Antoine-Nicolas de Caritat marquis de (1743-1794). Auteur du texte","bnf"
"101","https://catalogue.bnf.fr/ark:/12148/cb30263682h","Condorcet","Condorcet, Jean-Antoine-Nicolas de Caritat marquis de (1743-1794). Auteur du texte","bnf"
"102","https://catalogue.bnf.fr/ark:/12148/cb30263652k","Condorcet","Condorcet, Jean-Antoine-Nicolas de Caritat marquis de (1743-1794). Auteur du texte","bnf"
"103","https://catalogue.bnf.fr/ark:/12148/cb30263737z","Condorcet","Condorcet, Jean-Antoine-Nicolas de Caritat marquis de (1743-1794). Auteur du texte","bnf"
"104","https://catalogue.bnf.fr/ark:/12148/cb30263811j","Condorcet","Condorcet, Jean-Antoine-Nicolas de Caritat marquis de (1743-1794). Auteur du texte","bnf"
"105","https://catalogue.bnf.fr/ark:/12148/cb30263710x","Condorcet","Condorcet, Jean-Antoine-Nicolas de Caritat marquis de (1743-1794). Auteur du texte","bnf"
"106","https://catalogue.bnf.fr/ark:/12148/cb30263667m","Condorcet","Condorcet, Jean-Antoine-Nicolas de Caritat marquis de (1743-1794). Auteur du texte","bnf"
"107","https://catalogue.bnf.fr/ark:/12148/cb30263797t","Condorcet","Condorcet, Jean-Antoine-Nicolas de Caritat marquis de (1743-1794). Auteur du texte","bnf"
"108","https://catalogue.bnf.fr/ark:/12148/cb31963182g","Condorcet","Condorcet, Jean-Antoine-Nicolas de Caritat marquis de (1743-1794). Auteur du texte","bnf"
"109","https://catalogue.bnf.fr/ark:/12148/cb302637923","Condorcet","Condorcet, Jean-Antoine-Nicolas de Caritat marquis de (1743-1794). Auteur du texte","bnf"
"110","https://catalogue.bnf.fr/ark:/12148/cb302637447","Condorcet","Condorcet, Jean-Antoine-Nicolas de Caritat marquis de (1743-1794). Auteur du texte","bnf"
"111","https://catalogue.bnf.fr/ark:/12148/cb30263766j","Condorcet","Condorcet, Jean-Antoine-Nicolas de Caritat marquis de (1743-1794). Auteur du texte","bnf"
"112","https://catalogue.bnf.fr/ark:/12148/cb302637536","Condorcet","Condorcet, Jean-Antoine-Nicolas de Caritat marquis de (1743-1794). Auteur du texte","bnf"
"113","https://catalogue.bnf.fr/ark:/12148/cb302636877","Condorcet","Condorcet, Jean-Antoine-Nicolas de Caritat marquis de (1743-1794). Auteur du texte","bnf"
"114","https://catalogue.bnf.fr/ark:/12148/cb328896115","Desmoulins","Desmoulins, Camille (1760-1794). Auteur du texte","bnf"
"115","https://catalogue.bnf.fr/ark:/12148/cb335964618","Desmoulins","Desmoulins, Camille (1760-1794). Auteur du texte","bnf"
"116","https://catalogue.bnf.fr/ark:/12148/cb30333301d","Desmoulins","Desmoulins, Camille (1760-1794). Auteur du texte","bnf"
"117","https://catalogue.bnf.fr/ark:/12148/cb305269415","Olympe de Gouges","Gouges, Olympe de (1748-1793). Auteur du texte","bnf"
"118","https://catalogue.bnf.fr/ark:/12148/cb305269535","Olympe de Gouges","Gouges, Olympe de (1748-1793). Auteur du texte","bnf"
"119","https://catalogue.bnf.fr/ark:/12148/cb30526940t","Olympe de Gouges","Gouges, Olympe de (1748-1793). Auteur du texte","bnf"
"120","https://catalogue.bnf.fr/ark:/12148/cb33453467m","Olympe de Gouges","Gouges, Olympe de (1748-1793). Auteur du texte","bnf"
"121","https://catalogue.bnf.fr/ark:/12148/cb30526961s","Olympe de Gouges","Gouges, Olympe de (1748-1793). Auteur du texte","bnf"
"122","https://catalogue.bnf.fr/ark:/12148/cb30526933j","Olympe de Gouges","Gouges, Olympe de (1748-1793). Auteur du texte","bnf"
"123","https://catalogue.bnf.fr/ark:/12148/cb36057180p","Olympe de Gouges","Gouges, Olympe de (1748-1793). Auteur du texte","bnf"
"124","https://catalogue.bnf.fr/ark:/12148/cb30238973z","Laclos","Choderlos de Laclos, Pierre-Ambroise-François (1741-1803). Auteur du texte","bnf"
"125","https://catalogue.bnf.fr/ark:/12148/cb31943147j","Laclos","Choderlos de Laclos, Pierre-Ambroise-François (1741-1803). Auteur du texte","bnf"
"126","https://catalogue.bnf.fr/ark:/12148/cb30238970x","Laclos","Choderlos de Laclos, Pierre-Ambroise-François (1741-1803). Auteur du texte","bnf"
"127","https://catalogue.bnf.fr/ark:/12148/cb30951912p","Mirabeau","Mirabeau, Honoré-Gabriel Riquetti comte de (1749-1791). Auteur du texte","bnf"
"128","https://catalogue.bnf.fr/ark:/12148/cb42246320t","Marat","Marat, Jean-Paul (1743-1793). Auteur du texte","bnf"
"129","https://catalogue.bnf.fr/ark:/12148/cb343894293","Marat","Marat, Jean-Paul (1743-1793). Auteur du texte","bnf"
"130","https://catalogue.bnf.fr/ark:/12148/cb32798213j","Marat","Marat, Jean-Paul (1743-1793). Auteur du texte","bnf"
"131","https://catalogue.bnf.fr/ark:/12148/cb308755463","Marat","Marat, Jean-Paul (1743-1793). Auteur du texte","bnf"
"132","https://catalogue.bnf.fr/ark:/12148/cb34430869d","Marat","Marat, Jean-Paul (1743-1793). Auteur du texte","bnf"
"133","https://catalogue.bnf.fr/ark:/12148/cb32691640p","Marat","Marat, Jean-Paul (1743-1793). Auteur du texte","bnf"
"134","https://catalogue.bnf.fr/ark:/12148/cb32415703q","Marat","Marat, Jean-Paul (1743-1793). Auteur du texte","bnf"
"135","https://catalogue.bnf.fr/ark:/12148/cb309517829","Mirabeau","Mirabeau, Honoré-Gabriel Riquetti comte de (1749-1791). Auteur du texte","bnf"
"136","https://catalogue.bnf.fr/ark:/12148/cb30951885m","Mirabeau","Mirabeau, Honoré-Gabriel Riquetti comte de (1749-1791). Auteur du texte","bnf"
"137","https://catalogue.bnf.fr/ark:/12148/cb30951886z","Mirabeau","Mirabeau, Honoré-Gabriel Riquetti comte de (1749-1791). Auteur du texte","bnf"
"138","https://catalogue.bnf.fr/ark:/12148/cb30951883x","Mirabeau","Mirabeau, Honoré-Gabriel Riquetti comte de (1749-1791). Auteur du texte","bnf"
"139","https://catalogue.bnf.fr/ark:/12148/cb30951891j","Mirabeau","Mirabeau, Honoré-Gabriel Riquetti comte de (1749-1791). Auteur du texte","bnf"
"140","https://catalogue.bnf.fr/ark:/12148/cb309518085","Mirabeau","Mirabeau, Honoré-Gabriel Riquetti comte de (1749-1791). Auteur du texte","bnf"
"141","https://catalogue.bnf.fr/ark:/12148/cb309517573","Mirabeau","Mirabeau, Honoré-Gabriel Riquetti comte de (1749-1791). Auteur du texte","bnf"
"142","https://catalogue.bnf.fr/ark:/12148/cb33998803c","Mirabeau","Mirabeau, Honoré-Gabriel Riquetti comte de (1749-1791). Auteur du texte","bnf"
"143","https://catalogue.bnf.fr/ark:/12148/cb30951878b","Mirabeau","Mirabeau, Honoré-Gabriel Riquetti comte de (1749-1791). Auteur du texte","bnf"
"144","https://catalogue.bnf.fr/ark:/12148/cb324539597","Mirabeau","Mirabeau, Honoré-Gabriel Riquetti comte de (1749-1791). Auteur du texte","bnf"
"145","https://catalogue.bnf.fr/ark:/12148/cb309517511","Mirabeau","Mirabeau, Honoré-Gabriel Riquetti comte de (1749-1791). Auteur du texte","bnf"
"146","https://catalogue.bnf.fr/ark:/12148/cb32453960f","Mirabeau","Mirabeau, Honoré-Gabriel Riquetti comte de (1749-1791). Auteur du texte","bnf"
"147","https://catalogue.bnf.fr/ark:/12148/cb365820304","Mirabeau","Mirabeau, Honoré-Gabriel Riquetti comte de (1749-1791). Auteur du texte","bnf"
"148","https://catalogue.bnf.fr/ark:/12148/cb324539655","Mirabeau","Mirabeau, Honoré-Gabriel Riquetti comte de (1749-1791). Auteur du texte","bnf"
"149","https://catalogue.bnf.fr/ark:/12148/cb324539686","Mirabeau","Mirabeau, Honoré-Gabriel Riquetti comte de (1749-1791). Auteur du texte","bnf"
"150","https://catalogue.bnf.fr/ark:/12148/cb364230888","Mirabeau","Mirabeau, Honoré-Gabriel Riquetti comte de (1749-1791). Auteur du texte","bnf"
"151","https://catalogue.bnf.fr/ark:/12148/cb30951765q","Mirabeau","Mirabeau, Honoré-Gabriel Riquetti comte de (1749-1791). Auteur du texte","bnf"
"152","https://catalogue.bnf.fr/ark:/12148/cb30951807t","Mirabeau","Mirabeau, Honoré-Gabriel Riquetti comte de (1749-1791). Auteur du texte","bnf"
"153","https://catalogue.bnf.fr/ark:/12148/cb365671290","Mirabeau","Mirabeau, Honoré-Gabriel Riquetti comte de (1749-1791). Auteur du texte","bnf"
"154","https://catalogue.bnf.fr/ark:/12148/cb30951806g","Mirabeau","Mirabeau, Honoré-Gabriel Riquetti comte de (1749-1791). Auteur du texte","bnf"
"155","https://catalogue.bnf.fr/ark:/12148/cb30951947b","Mirabeau","Mirabeau, Honoré-Gabriel Riquetti comte de (1749-1791). Auteur du texte","bnf"
"156","https://catalogue.bnf.fr/ark:/12148/cb32806045f","Mirabeau","Mirabeau, Honoré-Gabriel Riquetti comte de (1749-1791). Auteur du texte","bnf"
"157","https://catalogue.bnf.fr/ark:/12148/cb30951850z","Mirabeau","Mirabeau, Honoré-Gabriel Riquetti comte de (1749-1791). Auteur du texte","bnf"
"158","https://catalogue.bnf.fr/ark:/12148/cb30951867p","Mirabeau","Mirabeau, Honoré-Gabriel Riquetti comte de (1749-1791). Auteur du texte","bnf"
"159","https://catalogue.bnf.fr/ark:/12148/cb30951912p","Mirabeau","Mirabeau, Honoré-Gabriel Riquetti comte de (1749-1791). Auteur du texte","bnf"
"160","https://catalogue.bnf.fr/ark:/12148/cb302300172","Mirabeau","Mirabeau, Honoré-Gabriel Riquetti comte de (1749-1791). Auteur du texte","bnf"
"161","https://catalogue.bnf.fr/ark:/12148/cb359923312","Sieyès","Sieyès, Emmanuel-Joseph (1748-1836). Auteur du texte","bnf"
"162","https://catalogue.bnf.fr/ark:/12148/cb31365936z","Sieyès","Sieyès, Emmanuel-Joseph (1748-1836). Auteur du texte","bnf"
"163","https://catalogue.bnf.fr/ark:/12148/cb340289989","Sieyès","Sieyès, Emmanuel-Joseph (1748-1836). Auteur du texte","bnf"
"164","https://catalogue.bnf.fr/ark:/12148/cb32631345b","Sieyès","Sieyès, Emmanuel-Joseph (1748-1836). Auteur du texte","bnf"
"165","https://catalogue.bnf.fr/ark:/12148/cb31365914n","Sieyès","Sieyès, Emmanuel-Joseph (1748-1836). Auteur du texte","bnf"
"166","https://catalogue.bnf.fr/ark:/12148/cb31365919c","Sieyès","Sieyès, Emmanuel-Joseph (1748-1836). Auteur du texte","bnf"
"167","https://catalogue.bnf.fr/ark:/12148/cb31365928b","Sieyès","Sieyès, Emmanuel-Joseph (1748-1836). Auteur du texte","bnf"
"168","https://catalogue.bnf.fr/ark:/12148/cb31365917p","Sieyès","Sieyès, Emmanuel-Joseph (1748-1836). Auteur du texte","bnf"
"169","https://catalogue.bnf.fr/ark:/12148/cb31365933x","Sieyès","Sieyès, Emmanuel-Joseph (1748-1836). Auteur du texte","bnf"
"170","https://catalogue.bnf.fr/ark:/12148/cb36307960r","Clavière","Clavière, Étienne (1735-1793). Auteur du texte","selected"
"171","https://catalogue.bnf.fr/ark:/12148/cb37241478s","Clavière","Clavière, Étienne (1735-1793). Auteur du texte","selected"
"172","https://catalogue.bnf.fr/ark:/12148/cb30248614t","Clavière","Clavière, Étienne (1735-1793). Auteur du texte","selected"
"173","https://catalogue.bnf.fr/ark:/12148/cb37243585t","Clavière","Clavière, Étienne (1735-1793). Auteur du texte","selected"
"174","https://catalogue.bnf.fr/ark:/12148/cb37244463g","Clavière","Clavière, Étienne (1735-1793). Auteur du texte","selected"
"175","https://catalogue.bnf.fr/ark:/12148/cb37243779f","Clavière","Clavière, Étienne (1735-1793). Auteur du texte","selected"
"176","https://catalogue.bnf.fr/ark:/12148/cb372433184","Clavière","Clavière, Étienne (1735-1793). Auteur du texte","selected"
"177","https://catalogue.bnf.fr/ark:/12148/cb37241024r","Clavière","Clavière, Étienne (1735-1793). Auteur du texte","selected"
"178","https://catalogue.bnf.fr/ark:/12148/cb37242960b","Clavière","Clavière, Étienne (1735-1793). Auteur du texte","selected"
"179","https://catalogue.bnf.fr/ark:/12148/cb37241474d","Clavière","Clavière, Étienne (1735-1793). Auteur du texte","selected"
"180","https://catalogue.bnf.fr/ark:/12148/cb37243131s","Clavière","Clavière, Étienne (1735-1793). Auteur du texte","selected"
"181","https://catalogue.bnf.fr/ark:/12148/cb372436822","Clavière","Clavière, Étienne (1735-1793). Auteur du texte","selected"
"182","https://catalogue.bnf.fr/ark:/12148/cb372436675","Clavière","Clavière, Étienne (1735-1793). Auteur du texte","selected"
"183","https://catalogue.bnf.fr/ark:/12148/cb37243335q","Clavière","Clavière, Étienne (1735-1793). Auteur du texte","selected"
"184","https://catalogue.bnf.fr/ark:/12148/cb30263653x","Condorcet","Condorcet, Jean-Antoine-Nicolas de Caritat marquis de (1743-1794). Auteur du texte","selected"
"185","https://catalogue.bnf.fr/ark:/12148/cb30263791r","Condorcet","Condorcet, Jean-Antoine-Nicolas de Caritat marquis de (1743-1794). Auteur du texte","selected"
"186","https://catalogue.bnf.fr/ark:/12148/cb30263751h","Condorcet","Condorcet, Jean-Antoine-Nicolas de Caritat marquis de (1743-1794). Auteur du texte","selected"
"187","https://catalogue.bnf.fr/ark:/12148/cb454158710","Desmoulins","Desmoulins, Camille (1760-1794). Auteur du texte","selected"
"188","https://catalogue.bnf.fr/ark:/12148/cb303333393","Desmoulins","Desmoulins, Camille (1760-1794). Auteur du texte","selected"
"189","https://catalogue.bnf.fr/ark:/12148/cb340196499","Desmoulins","Desmoulins, Camille (1760-1794). Auteur du texte","selected"
"190","https://catalogue.bnf.fr/ark:/12148/cb30333296n","Desmoulins","Desmoulins, Camille (1760-1794). Auteur du texte","selected"
"191","https://catalogue.bnf.fr/ark:/12148/cb37244398v","Olympe de Gouges","Gouges, Olympe de (1748-1793). Auteur du texte","selected"
"192","https://catalogue.bnf.fr/ark:/12148/cb372444535","Olympe de Gouges","Gouges, Olympe de (1748-1793). Auteur du texte","selected"
"193","https://catalogue.bnf.fr/ark:/12148/cb37241751k","Olympe de Gouges","Gouges, Olympe de (1748-1793). Auteur du texte","selected"
"194","https://catalogue.bnf.fr/ark:/12148/cb372444059","Olympe de Gouges","Gouges, Olympe de (1748-1793). Auteur du texte","selected"
"195","https://catalogue.bnf.fr/ark:/12148/cb372445047","Olympe de Gouges","Gouges, Olympe de (1748-1793). Auteur du texte","selected"
"196","https://catalogue.bnf.fr/ark:/12148/cb372412876","Olympe de Gouges","Gouges, Olympe de (1748-1793). Auteur du texte","selected"
"197","https://catalogue.bnf.fr/ark:/12148/cb37244494r","Olympe de Gouges","Gouges, Olympe de (1748-1793). Auteur du texte","selected"
"198","https://catalogue.bnf.fr/ark:/12148/cb37244491q","Olympe de Gouges","Gouges, Olympe de (1748-1793). Auteur du texte","selected"
"199","https://catalogue.bnf.fr/ark:/12148/cb372440861","Olympe de Gouges","Gouges, Olympe de (1748-1793). Auteur du texte","selected"
"200","https://catalogue.bnf.fr/ark:/12148/cb372440819","Olympe de Gouges","Gouges, Olympe de (1748-1793). Auteur du texte","selected"
"201","https://catalogue.bnf.fr/ark:/12148/cb372440950","Olympe de Gouges","Gouges, Olympe de (1748-1793). Auteur du texte","selected"
"202","https://catalogue.bnf.fr/ark:/12148/cb37244076q","Olympe de Gouges","Gouges, Olympe de (1748-1793). Auteur du texte","selected"
"203","https://catalogue.bnf.fr/ark:/12148/cb372408806","Olympe de Gouges","Gouges, Olympe de (1748-1793). Auteur du texte","selected"
"204","https://catalogue.bnf.fr/ark:/12148/cb37235688d","Olympe de Gouges","Gouges, Olympe de (1748-1793). Auteur du texte","selected"
"205","https://catalogue.bnf.fr/ark:/12148/cb372361617","Olympe de Gouges","Gouges, Olympe de (1748-1793). Auteur du texte","selected"
"206","https://catalogue.bnf.fr/ark:/12148/cb372361439","Olympe de Gouges","Gouges, Olympe de (1748-1793). Auteur du texte","selected"
"207","https://catalogue.bnf.fr/ark:/12148/cb37235878n","Olympe de Gouges","Gouges, Olympe de (1748-1793). Auteur du texte","selected"
"208","https://catalogue.bnf.fr/ark:/12148/cb37236137c","Olympe de Gouges","Gouges, Olympe de (1748-1793). Auteur du texte","selected"
"209","https://catalogue.bnf.fr/ark:/12148/cb37236142z","Olympe de Gouges","Gouges, Olympe de (1748-1793). Auteur du texte","selected"
"210","https://catalogue.bnf.fr/ark:/12148/cb37234648x","Olympe de Gouges","Gouges, Olympe de (1748-1793). Auteur du texte","selected"
"211","https://catalogue.bnf.fr/ark:/12148/cb37236146b","Olympe de Gouges","Gouges, Olympe de (1748-1793). Auteur du texte","selected"
"212","https://catalogue.bnf.fr/ark:/12148/cb372347842","Olympe de Gouges","Gouges, Olympe de (1748-1793). Auteur du texte","selected"
"213","https://catalogue.bnf.fr/ark:/12148/cb37234653h","Olympe de Gouges","Gouges, Olympe de (1748-1793). Auteur du texte","selected"
"214","https://catalogue.bnf.fr/ark:/12148/cb37235521v","Olympe de Gouges","Gouges, Olympe de (1748-1793). Auteur du texte","selected"
"215","https://catalogue.bnf.fr/ark:/12148/cb37235937b","Olympe de Gouges","Gouges, Olympe de (1748-1793). Auteur du texte","selected"
"216","https://catalogue.bnf.fr/ark:/12148/cb37236063n","Olympe de Gouges","Gouges, Olympe de (1748-1793). Auteur du texte","selected"
"217","https://catalogue.bnf.fr/ark:/12148/cb37236150k","Olympe de Gouges","Gouges, Olympe de (1748-1793). Auteur du texte","selected"
"218","https://catalogue.bnf.fr/ark:/12148/cb37236153m","Olympe de Gouges","Gouges, Olympe de (1748-1793). Auteur du texte","selected"
"219","https://catalogue.bnf.fr/ark:/12148/cb372346556","Olympe de Gouges","Gouges, Olympe de (1748-1793). Auteur du texte","selected"
"220","https://catalogue.bnf.fr/ark:/12148/cb372361330","Olympe de Gouges","Gouges, Olympe de (1748-1793). Auteur du texte","selected"
"221","https://catalogue.bnf.fr/ark:/12148/cb372359240","Olympe de Gouges","Gouges, Olympe de (1748-1793). Auteur du texte","selected"
"222","https://catalogue.bnf.fr/ark:/12148/cb37235541g","Olympe de Gouges","Gouges, Olympe de (1748-1793). Auteur du texte","selected"
"223","https://catalogue.bnf.fr/ark:/12148/cb37235538k","Olympe de Gouges","Gouges, Olympe de (1748-1793). Auteur du texte","selected"
"224","https://catalogue.bnf.fr/ark:/12148/cb37235827r","Olympe de Gouges","Gouges, Olympe de (1748-1793). Auteur du texte","selected"
"225","https://catalogue.bnf.fr/ark:/12148/cb37236012r","Olympe de Gouges","Gouges, Olympe de (1748-1793). Auteur du texte","selected"
"226","https://catalogue.bnf.fr/ark:/12148/cb37236069q","Olympe de Gouges","Gouges, Olympe de (1748-1793). Auteur du texte","selected"
"227","https://catalogue.bnf.fr/ark:/12148/cb37235749s","Olympe de Gouges","Gouges, Olympe de (1748-1793). Auteur du texte","selected"
"228","https://catalogue.bnf.fr/ark:/12148/cb372361570","Olympe de Gouges","Gouges, Olympe de (1748-1793). Auteur du texte","selected"
"229","https://catalogue.bnf.fr/ark:/12148/cb37235683p","Olympe de Gouges","Gouges, Olympe de (1748-1793). Auteur du texte","selected"
"230","https://catalogue.bnf.fr/ark:/12148/cb372385327","Olympe de Gouges","Gouges, Olympe de (1748-1793). Auteur du texte","selected"
"231","https://catalogue.bnf.fr/ark:/12148/cb37238539n","Olympe de Gouges","Gouges, Olympe de (1748-1793). Auteur du texte","selected"
"232","https://catalogue.bnf.fr/ark:/12148/cb372609143","Olympe de Gouges","Gouges, Olympe de (1748-1793). Auteur du texte","selected"
"233","https://catalogue.bnf.fr/ark:/12148/cb345680437","Olympe de Gouges","Gouges, Olympe de (1748-1793). Auteur du texte","selected"
"234","https://catalogue.bnf.fr/ark:/12148/cb30238957q","Laclos","Choderlos de Laclos, Pierre-Ambroise-François (1741-1803). Auteur du texte","selected"
"235","https://catalogue.bnf.fr/ark:/12148/cb372333852","Laclos","Choderlos de Laclos, Pierre-Ambroise-François (1741-1803). Auteur du texte","selected"
"236","https://catalogue.bnf.fr/ark:/12148/cb37277047g","Laclos","Choderlos de Laclos, Pierre-Ambroise-François (1741-1803). Auteur du texte","selected"
"237","https://catalogue.bnf.fr/ark:/12148/cb319431644","Laclos","Choderlos de Laclos, Pierre-Ambroise-François (1741-1803). Auteur du texte","selected"
"238","https://catalogue.bnf.fr/ark:/12148/cb372334631","Manuel","Manuel, Louis-Pierre (1751-1793). Auteur du texte","selected"
"239","https://catalogue.bnf.fr/ark:/12148/cb37235572r","Manuel","Manuel, Louis-Pierre (1751-1793). Auteur du texte","selected"
"240","https://catalogue.bnf.fr/ark:/12148/cb372352153","Manuel","Manuel, Louis-Pierre (1751-1793). Auteur du texte","selected"
"241","https://catalogue.bnf.fr/ark:/12148/cb372372685","Marat","Marat, Jean-Paul (1743-1793). Auteur du texte","selected"
"242","https://catalogue.bnf.fr/ark:/12148/cb37236790g","Marat","Marat, Jean-Paul (1743-1793). Auteur du texte","selected"
"243","https://catalogue.bnf.fr/ark:/12148/cb372612221","Marat","Marat, Jean-Paul (1743-1793). Auteur du texte","selected"
"244","https://catalogue.bnf.fr/ark:/12148/cb372704127","Marat","Marat, Jean-Paul (1743-1793). Auteur du texte","selected"
"245","https://catalogue.bnf.fr/ark:/12148/cb330892632","Marat","Marat, Jean-Paul (1743-1793). Auteur du texte","selected"
"246","https://catalogue.bnf.fr/ark:/12148/cb37236685m","Marat","Marat, Jean-Paul (1743-1793). Auteur du texte","selected"
"247","https://catalogue.bnf.fr/ark:/12148/cb37236784j","Marat","Marat, Jean-Paul (1743-1793). Auteur du texte","selected"
"248","https://catalogue.bnf.fr/ark:/12148/cb30875544d","Marat","Marat, Jean-Paul (1743-1793). Auteur du texte","selected"
"249","https://catalogue.bnf.fr/ark:/12148/cb30875619g","Marat","Marat, Jean-Paul (1743-1793). Auteur du texte","selected"
"250","https://catalogue.bnf.fr/ark:/12148/cb37261354x","Marat","Marat, Jean-Paul (1743-1793). Auteur du texte","selected"
"251","https://catalogue.bnf.fr/ark:/12148/cb37232703r","Marat","Marat, Jean-Paul (1743-1793). Auteur du texte","selected"
"252","https://catalogue.bnf.fr/ark:/12148/cb31091604n","Pétion","Pétion, Jérôme (1756-1794). Auteur du texte","selected"
"253","https://catalogue.bnf.fr/ark:/12148/cb33538145f","Pétion","Pétion, Jérôme (1756-1794). Auteur du texte","selected"
"254","https://catalogue.bnf.fr/ark:/12148/cb37236913k","Pétion","Pétion, Jérôme (1756-1794). Auteur du texte","selected"
"255","https://catalogue.bnf.fr/ark:/12148/cb31091592g","Pétion","Pétion, Jérôme (1756-1794). Auteur du texte","selected"
"256","https://catalogue.bnf.fr/ark:/12148/cb372369189","Pétion","Pétion, Jérôme (1756-1794). Auteur du texte","selected"
"257","https://catalogue.bnf.fr/ark:/12148/cb31091590s","Pétion","Pétion, Jérôme (1756-1794). Auteur du texte","selected"
"258","https://catalogue.bnf.fr/ark:/12148/cb372427049","Pétion","Pétion, Jérôme (1756-1794). Auteur du texte","selected"
"259","https://catalogue.bnf.fr/ark:/12148/cb37236905z","Pétion","Pétion, Jérôme (1756-1794). Auteur du texte","selected"
"260","https://catalogue.bnf.fr/ark:/12148/cb37234719m","Pétion","Pétion, Jérôme (1756-1794). Auteur du texte","selected"
"261","https://catalogue.bnf.fr/ark:/12148/cb37236929z","Pétion","Pétion, Jérôme (1756-1794). Auteur du texte","selected"
"262","https://catalogue.bnf.fr/ark:/12148/cb37236893s","Pétion","Pétion, Jérôme (1756-1794). Auteur du texte","selected"
"263","https://catalogue.bnf.fr/ark:/12148/cb37263217x","Pétion","Pétion, Jérôme (1756-1794). Auteur du texte","selected"
"264","https://catalogue.bnf.fr/ark:/12148/cb372368913","Pétion","Pétion, Jérôme (1756-1794). Auteur du texte","selected"
"265","https://catalogue.bnf.fr/ark:/12148/cb37236797w","Pétion","Pétion, Jérôme (1756-1794). Auteur du texte","selected"
